"Kiesgerechtigden, blanco/ongeldige stemmen, uitgebrachte geldige stemmen per stemlocatie bij de verkiezingen voor de Tweede Kamer, maart 2021",,gebied,gbd_wijk_code,,,,,,,,,,,,,,,,,,,,,,,,,,,,,,,,,,,,,,,
,,,,,,,,,,,,,,,,,,,,,,,,,,,,,,,,,,,,,,,,,,
Gebiednummer,Lijstnummer,,,,,,,,,1,2,3,4,5,6,7,8,9,10,11,12,13,14,15,16,17,18,19,20,21,22,23,24,25,26,27,28,29,31,33,36,37
,Aanduiding,stadsdeel,wijk,Postcode,opgeroepenen,geldige stembiljetten,blanco stembiljetten,ongeldige stembiljetten,aangetroffen stembiljetten,VVD,PVV (Partij voor de Vrijheid),CDA,D66,GROENLINKS,SP (Socialistische Partij),Partij van de Arbeid (P.v.d.A.),ChristenUnie,Partij voor de Dieren,50PLUS,Staatkundig Gereformeerde Partij (SGP),DENK,Forum voor Democratie,BIJ1,JA21,CODE ORANJE,Volt,NIDA,Piratenpartij,LP (Libertaire Partij),JONG,Splinter,BBB,NLBeter,Lijst Henk Krol,OPRECHT,JEZUS LEEFT,Trots op Nederland (TROTS),U-Buntu Connected Front,Partij van de Eenheid,Vrij en Sociaal Nederland,De Groenen,Partij voor de Republiek
,Totaal,,,,582177,437827,956,2136,440919,55445,22180,10815,99649,44907,21478,32783,6214,30880,2355,586,29384,11971,25563,5282,864,25988,5053,1819,391,383,1278,343,276,297,106,247,301,384,221,144,89,151
1,Stembureau Stadhuis,Centrum,A04,1011 PN,667,849,2,5,856,99,36,18,207,111,54,61,9,74,3,0,29,24,42,6,1,59,0,7,0,1,2,4,0,0,0,0,0,0,1,1,0,0
2,Stembureau Stadhuis,Centrum,A04,1011 PN,770,492,1,2,495,55,13,6,137,57,17,28,5,46,0,0,12,23,30,4,2,41,1,6,2,0,3,2,1,0,0,0,0,0,0,1,0,0
4,Stembureau Leger des Heils,Centrum,A00,1012 DB,1138,591,2,1,594,75,35,14,164,58,26,27,15,43,0,1,2,24,37,11,2,51,2,2,0,0,0,0,0,0,0,0,1,0,0,0,1,0
5,Stembureau The Hoxton Hotel,Centrum,A02,1016 BJ,859,837,0,0,837,175,14,20,287,62,12,23,5,56,1,1,2,14,32,11,1,100,1,3,0,3,7,0,1,1,0,0,0,1,1,2,0,1
6,Stembureau Hotel V,Centrum,A07,1017 XV,1011,774,1,2,777,145,10,15,275,66,11,36,4,48,1,0,5,18,27,4,11,91,2,0,1,0,3,0,1,0,0,0,0,0,0,0,0,0
7,Stembureau Voormalige Stadstimmertuin,Centrum,A08,1018 ET,792,650,3,1,654,88,12,18,209,72,22,48,8,59,0,0,3,5,32,9,1,58,0,4,0,0,2,0,0,0,0,0,0,0,0,0,0,0
8,Stembureau OBS De Witte Olifant,Centrum,A04,1011 DB,677,445,0,4,449,39,12,10,110,63,31,41,3,51,0,0,2,6,28,2,1,35,1,2,1,2,1,0,0,0,0,0,0,0,0,0,0,4
10,Stembureau WeWork,Centrum,A08,1018 VN,895,574,1,1,576,85,11,8,160,67,21,23,12,57,1,0,6,18,33,11,0,51,0,4,5,0,0,0,1,0,0,0,0,0,0,0,0,0
12,Stembureau Gymzaal Theo Thijssen,Centrum,A06,1015 MS,1180,1432,4,2,1438,156,88,26,376,169,78,111,4,139,6,1,10,53,55,18,2,107,0,12,2,1,11,1,0,0,0,1,2,1,0,0,1,1
13,Stembureau Korfbalvereniging Swift,Centrum,A08,1018 ST,1091,774,3,0,777,92,13,15,240,108,28,78,6,62,4,4,1,13,23,12,2,68,1,1,0,0,0,1,2,0,0,0,0,0,0,0,0,0
14,Stembureau Sporthal Oostenburg,Centrum,A09,1018 ND,620,206,0,2,208,14,11,1,43,36,11,12,1,17,0,0,12,1,25,2,0,17,1,0,0,1,0,0,0,0,0,0,0,1,0,0,0,0
15,Stembureau De Vinse School,Centrum,A06,1015 HP,1018,894,2,2,898,92,53,8,227,110,43,68,5,96,4,0,7,42,46,10,1,63,0,6,1,0,6,0,2,0,0,1,0,1,0,0,0,2
16,Stembureau Doubletree by Hilton,Centrum,A04,1011 DK,991,442,0,2,444,83,5,7,134,39,18,29,2,38,1,0,4,8,28,7,0,35,0,2,0,0,0,1,0,0,0,0,0,0,0,0,0,1
17,Stembureau Lil' Amsterdam,Centrum,A01,1012AB,0,393,0,3,396,30,15,5,102,54,17,39,8,31,1,0,9,9,41,4,1,21,3,0,0,0,0,0,1,0,0,1,0,1,0,0,0,0
18,Stembureau Park Plaza Victoria Amsterdam Hotel,Centrum,A01,1012TM,1068,131,0,0,131,13,3,4,41,10,3,7,0,8,0,0,2,7,16,3,0,9,1,1,1,1,0,0,0,0,0,0,0,0,0,0,0,1
19,Stembureau Tent Appeltjesmarkt,Centrum,A06,1016 VC,1026,861,0,4,865,138,23,13,246,62,41,45,3,88,5,2,15,35,40,6,2,81,1,7,2,1,4,0,1,0,0,0,0,0,0,0,0,0
20,Stembureau De Bazel,Centrum,A03,1017HL,960,436,0,2,438,78,6,14,128,47,7,30,2,31,0,0,5,9,18,9,1,45,1,2,0,0,3,0,0,0,0,0,0,0,0,0,0,0
21,Stembureau Hard Rock Hotel Amsterdam American,Centrum,A07,1017 PN,663,723,0,3,726,116,12,22,244,58,22,38,9,50,1,1,8,22,38,15,1,53,1,4,1,0,4,1,1,0,1,0,0,0,0,0,0,0
22,Stembureau De Zuiderkerk,Centrum,A04,1011 WB,1032,484,2,1,487,46,16,12,123,75,26,38,4,51,0,1,1,9,31,7,1,39,0,1,1,1,0,0,0,0,0,0,1,0,0,0,0,0
23,Stembureau Motivaction International BV,Centrum,A06,1015 ZL,845,723,0,1,724,109,15,19,189,71,25,44,5,67,2,2,9,37,37,5,2,73,1,3,1,2,3,0,0,0,0,1,0,0,0,0,0,1
24,Stembureau Het Claverhuis,Centrum,A06,1016 TX,759,1463,6,2,1471,199,45,18,473,152,69,88,6,142,3,0,5,47,72,13,3,109,3,10,0,0,4,0,0,0,0,0,1,1,0,0,0,0
25,Stembureau Huis van de Buurt De Boomsspijker,Centrum,A04,1011 EC,973,665,0,3,668,53,36,9,154,112,31,42,7,83,1,0,1,28,41,11,1,43,0,5,1,1,2,3,0,0,0,0,0,0,0,0,0,0
26,Stembureau Kerk De Duif,Centrum,A07,1017 LD,915,1364,2,4,1370,250,18,27,475,115,33,65,10,103,1,1,1,30,62,23,0,136,0,6,1,0,0,1,2,4,0,0,0,0,0,0,0,0
27,Stembureau Kerk De Duif,Centrum,A07,1017 LD,925,1535,1,3,1539,259,21,30,549,144,34,73,10,128,0,2,3,31,58,17,1,160,0,2,1,0,5,1,2,1,0,0,1,0,0,0,0,2
28,Stembureau Level Eleven,Centrum,A01,1012AB,723,113,0,0,113,13,0,0,26,10,2,11,0,17,0,0,6,0,11,2,0,11,1,1,0,0,2,0,0,0,0,0,0,0,0,0,0,0
29,Stembureau Posthoornkerk,Centrum,A05,1013 EX,829,1169,2,5,1176,117,37,20,323,148,52,99,6,115,3,0,14,32,77,13,1,90,1,9,1,0,7,1,1,0,0,0,0,0,0,1,0,1
30,Stembureau Posthoornkerk,Centrum,A05,1013 EX,831,1144,2,4,1150,102,49,15,302,151,47,91,11,127,0,0,5,39,67,12,3,107,0,4,0,1,7,0,0,0,0,0,1,0,0,2,0,1
31,Stembureau Tent Funenpark,Centrum,A09,1018 AK,845,1316,2,4,1322,106,36,26,366,195,53,101,9,122,2,0,50,30,87,9,1,93,14,5,0,2,6,0,0,0,0,0,1,0,1,1,0,0
32,Stembureau De Beurs van Berlage,Centrum,A00,1012 ZJ,1027,1033,1,4,1038,146,15,32,324,109,22,38,15,89,1,1,15,25,70,11,2,97,3,8,3,0,3,1,0,0,0,0,1,1,0,0,0,1
33,Stembureau De Roode Bioscoop,Centrum,A05,1013 HP,940,1365,0,3,1368,120,33,26,372,184,62,83,9,134,5,0,20,39,140,12,1,111,2,6,0,1,2,0,1,0,0,1,0,0,0,0,0,1
34,Stembureau Crea Cultureel Studentencentrum,Centrum,A08,1018 WV,645,507,3,1,511,40,8,4,157,68,14,38,3,57,1,1,3,9,36,6,0,52,0,1,1,0,3,0,3,0,0,0,0,0,0,1,0,1
35,Stembureau Doopsgezinde Singelkerk,Centrum,A03,1017 AW,596,326,0,0,326,57,14,10,89,24,7,12,2,23,0,2,2,15,20,2,0,44,0,2,0,0,1,0,0,0,0,0,0,0,0,0,0,0
36,Stembureau Gemeentepand Jodenbreestraat,Centrum,A04,1011 NH,910,707,4,2,713,77,23,14,194,99,24,42,8,59,0,2,9,16,65,9,2,51,1,5,2,2,1,0,0,0,0,0,0,1,0,1,0,0
37,Stembureau Sporthal Oostenburg,Centrum,A09,1018 ND,616,234,2,1,237,23,9,2,49,38,11,18,5,11,1,0,10,6,28,3,0,14,0,2,1,0,2,0,0,0,0,0,0,0,0,0,0,1
39,Stembureau Stichting Arcam,Centrum,A04,1011 VX,984,591,1,1,593,49,10,13,171,80,30,59,9,57,1,0,2,16,36,4,0,44,0,1,1,1,5,0,0,0,0,0,0,0,1,0,0,1
40,Stembureau Doopsgezinde Singelkerk,Centrum,A03,1017AW,795,342,2,2,346,68,10,8,97,25,9,14,4,33,0,0,0,16,15,5,0,33,0,3,0,0,1,0,0,1,0,0,0,0,0,0,0,0
41,Stembureau Allard Pierson,Centrum,A00,1012 GC,904,494,0,0,494,61,9,19,159,59,10,34,2,37,1,1,3,14,28,12,0,38,3,1,1,0,2,0,0,0,0,0,0,0,0,0,0,0
42,Stembureau Akhnaton,Centrum,A01,1012 PV,821,325,2,1,328,33,12,8,89,30,13,10,2,46,1,0,2,18,23,6,0,28,0,1,0,1,1,0,0,0,0,0,0,1,0,0,0,0
43,Stembureau De Witte Boei,Centrum,A09,1018 LT,1006,719,1,6,726,55,39,10,107,105,54,68,11,60,3,1,43,28,76,8,0,30,6,0,0,1,6,2,0,1,0,0,1,2,0,2,0,0
44,Stembureau Oosterkerk,Centrum,A09,1018 LS,670,755,0,2,757,56,20,12,172,127,44,74,6,75,4,0,14,17,65,6,0,51,0,6,0,1,3,0,0,1,0,0,0,0,0,0,0,1
45,Stembureau NH Caransa,Centrum,A03,1017 CT,782,314,1,3,318,69,11,7,82,24,7,12,2,21,1,0,1,17,20,0,0,30,6,2,0,1,0,0,1,0,0,0,0,0,0,0,0,0
46,Stembureau Sporthal Oostenburg,Centrum,A09,1018 ND,612,136,0,0,136,13,7,3,30,16,10,8,0,7,0,0,11,0,14,2,0,12,1,0,0,0,0,0,0,0,0,0,1,0,0,0,0,1
48,Stembureau Lil' Amsterdam,Centrum,A01,1012AB,0,436,1,1,438,35,14,15,113,61,16,23,4,29,2,0,13,8,43,1,0,42,6,2,0,2,2,0,1,0,0,0,1,1,0,1,0,1
49,Stembureau Crea Cultureel Studentencentrum,Centrum,A08,1018 WV,672,591,0,0,591,62,6,10,164,103,23,50,4,53,1,0,0,13,45,5,1,42,1,6,1,0,1,0,0,0,0,0,0,0,0,0,0,0
50,Stembureau De Waalse Kerk,Centrum,A00,1012 JZ,635,425,2,0,427,42,8,5,130,50,12,30,6,39,2,2,0,8,29,3,0,45,3,3,1,2,2,1,0,1,0,0,1,0,0,0,0,0
52,Stembureau De Zuiderkerk,Centrum,A04,1011WB,1033,561,2,0,563,43,20,10,151,71,47,37,6,57,2,2,3,9,38,7,1,46,0,2,2,0,1,0,1,1,0,1,0,0,0,0,1,2
53,Stembureau Lancaster Hotel,Centrum,A08,1018 DH,897,520,0,2,522,60,15,8,175,57,26,34,6,54,1,0,6,12,15,4,0,40,0,1,1,0,0,0,0,1,1,0,0,0,0,0,0,3
54,Stembureau Sportstudio 79,Centrum,A05,1013 JB,890,992,2,4,998,105,29,5,293,148,39,48,5,113,4,0,15,30,55,7,1,84,1,4,0,0,4,0,1,0,0,0,1,0,0,0,0,0
55,Stembureau Pathé de Munt,Centrum,A03,1017HD,1037,339,2,3,344,68,8,11,84,41,8,11,0,26,0,1,3,8,19,5,1,36,2,1,0,0,4,0,0,0,0,0,1,0,0,1,0,0
57,Stembureau Scheepvaartsmuseum,Centrum,A09,1018KK,967,1381,5,3,1389,115,35,27,437,235,34,95,15,124,1,2,10,14,97,13,2,106,5,7,1,1,1,1,2,1,0,0,0,0,0,0,0,0
58,Stembureau NH Collection Barbizon Palace,Centrum,A00,1012AD,966,300,2,2,304,34,11,7,73,36,13,20,6,19,1,0,1,7,20,6,1,31,0,6,2,0,0,0,0,0,0,0,1,0,0,0,1,4
59,Stembureau Keizersgracht Kerk,Centrum,A03,1017 EM,647,649,2,1,652,148,18,23,200,53,15,21,6,45,0,1,1,18,17,6,2,65,0,4,1,0,5,0,0,0,0,0,0,0,0,0,0,0
60,Stembureau Stichting De Oude Gracht,Centrum,A02,1016 DZ,908,455,0,0,455,73,9,9,131,42,13,26,7,35,0,4,0,12,20,5,4,55,0,4,0,0,2,0,0,0,0,2,0,0,0,1,0,1
61,Stembureau Room Mate Aitana,Centrum,A05,1013 MM,1076,359,0,0,359,54,11,13,93,45,10,22,6,27,1,0,10,8,15,9,0,31,2,0,0,0,0,0,0,0,0,0,0,0,2,0,0,0
63,Stembureau Het Bushuis,Centrum,A00,1012 CX,941,375,0,1,376,43,15,9,106,56,6,20,1,31,0,0,2,5,24,5,0,44,0,4,1,0,2,0,0,1,0,0,0,0,0,0,0,0
64,Stembureau UvA - locatie P.C. Hoofthuis,Centrum,A01,1012 VB,740,351,1,1,353,57,4,7,97,49,9,21,0,30,1,1,5,10,32,2,0,19,4,0,0,0,2,0,1,0,0,0,0,0,0,0,0,0
66,Stembureau De Rode Hoed,Centrum,A02,1015 CV,757,541,0,1,542,89,9,16,184,52,16,46,2,39,1,0,0,18,18,4,0,45,0,0,1,1,0,0,0,0,0,0,0,0,0,0,0,0
67,Stembureau Noorderkerk,Centrum,A06,1015 NA,720,1464,4,3,1471,139,48,30,451,170,49,90,13,153,4,2,5,46,71,17,1,153,0,9,0,1,11,0,0,0,0,0,0,1,0,0,0,0
68,Stembureau Museumwerf 't Kromhout,Centrum,A09,1018 WJ,1080,697,0,1,698,45,12,6,198,111,28,80,2,89,4,0,4,12,42,4,0,55,0,2,0,1,2,0,0,0,0,0,0,0,0,0,0,0
69,Stembureau Museumwerf 't Kromhout,Centrum,A09,1018 WJ,1045,629,0,0,629,37,4,8,181,115,29,59,5,65,1,1,3,9,37,4,0,63,1,4,0,0,3,0,0,0,0,0,0,0,0,0,0,0
70,Stembureau OBS De Witte Olifant,Centrum,A04,1011 DB,678,372,2,2,376,37,15,2,94,47,21,36,4,32,0,0,1,10,23,0,2,43,2,2,0,0,1,0,0,0,0,0,0,0,0,0,0,0
71,Stembureau Westerkerk,Centrum,A02,1016GW,726,1329,2,0,1331,155,34,23,423,160,55,99,8,130,4,0,9,33,55,15,1,107,0,6,2,0,6,0,2,0,0,0,0,0,0,1,1,0
72,Stembureau De Melkweg,Centrum,A07,1017 PH,734,1136,0,3,1139,130,21,16,341,145,33,49,5,101,1,0,4,26,112,19,1,113,1,9,2,2,0,0,1,1,0,0,2,0,0,0,1,0
73,Stembureau WeWork,Centrum,A07,1017 XD,904,670,3,4,677,128,19,17,192,76,18,31,3,40,1,1,9,23,25,11,1,59,3,5,2,0,4,0,0,2,0,0,0,0,0,0,0,0
74,Stembureau Oosterkerk,Centrum,A09,1018LS,669,889,2,4,895,52,29,14,221,164,44,75,4,94,5,0,27,13,63,9,0,61,2,6,0,0,2,0,1,0,0,1,0,0,1,0,0,1
75,Stembureau Westerkerk,Centrum,A02,1016 GW,967,1497,0,7,1504,201,34,39,477,176,45,109,4,131,2,3,0,28,67,20,1,143,2,2,1,1,7,2,0,0,0,0,1,0,0,0,0,1
76,Stembureau Room Mate Aitana,Centrum,A05,1013 MM,1076,350,0,1,351,48,9,3,120,22,8,33,2,21,2,1,10,6,21,6,1,28,4,3,0,0,0,0,0,0,0,0,0,0,0,0,0,2
77,Stembureau De Rode Hoed,Centrum,A02,1015 CV,758,495,1,0,496,94,9,14,172,37,11,30,2,45,0,1,1,13,13,2,1,44,1,2,0,0,2,0,0,0,0,0,0,0,1,0,0,0
78,Stembureau Dominicuskerk,Centrum,A01,1012TS,987,409,1,0,410,46,13,10,112,45,15,40,1,33,1,1,0,9,29,6,0,39,0,7,1,0,0,0,0,0,0,0,0,0,0,1,0,0
79,Stembureau Dominicuskerk,Centrum,A01,1012TS,1007,384,2,3,389,60,6,9,100,58,13,26,1,42,3,2,0,11,16,1,1,33,0,0,0,0,1,1,0,0,0,0,0,0,0,0,0,0
80,Stembureau De Noorderspeeltuin,Centrum,A06,1015 LH,968,927,4,1,932,97,69,20,212,97,56,91,3,97,6,0,9,47,35,18,2,59,1,2,0,0,6,0,0,0,0,0,0,0,0,0,0,0
81,Stembureau OBA Javaplein,Oost,M31,1094 HW,1093,983,3,8,994,57,31,12,228,172,51,72,11,72,1,0,81,28,69,6,3,67,7,4,0,2,6,0,0,0,0,0,0,2,1,0,0,0
82,Stembureau Kindervreugd,Oost,M32,1095 JS,1219,874,4,10,888,65,48,11,140,117,54,68,22,57,5,1,133,29,47,9,0,41,14,5,0,1,2,1,1,1,0,0,0,2,0,0,0,0
83,Stembureau Leonardo Royal Hotel Amsterdam,Oost,M58,1096 BK,1323,546,0,0,546,93,14,9,179,59,10,28,6,37,3,0,3,7,18,12,1,54,0,7,0,1,3,1,0,0,1,0,0,0,0,0,0,0
84,Stembureau Flevoparkschool,Oost,M32,1095 VX,1118,965,3,8,976,84,25,8,182,141,47,53,8,65,3,1,170,10,68,4,0,61,19,6,1,1,3,0,0,0,0,0,3,0,2,0,0,0
87,Stembureau Verenigingsgebouw Batavia,Oost,M32,1095 KS,1121,1023,5,10,1038,56,22,7,143,150,46,60,10,72,1,2,242,18,77,5,0,57,42,6,1,1,2,0,1,0,0,0,0,1,0,0,0,1
88,Stembureau Havo De Hof,Oost,M29,1093 BS,1066,606,1,4,611,47,22,7,125,76,28,37,9,44,7,0,70,16,51,6,0,40,12,2,1,2,2,1,1,0,0,0,0,0,0,0,0,0
91,Stembureau Loods 6,Oost,M33,1019 LB,1163,928,0,0,928,97,19,23,235,173,46,82,8,79,3,0,9,11,48,5,0,73,6,4,1,1,2,1,1,0,0,0,0,1,0,0,0,0
93,Stembureau Biko,Oost,M30,1092 GN,1133,1065,1,6,1072,86,22,12,295,138,34,72,7,60,4,0,152,7,59,11,2,72,25,7,0,0,0,0,0,0,0,0,0,0,0,0,0,0
94,Stembureau De Nieuwe KHL,Oost,M33,1019 BN,1289,1223,5,1,1229,146,33,25,317,170,66,77,8,97,1,1,26,30,100,18,1,87,3,6,1,1,2,1,1,0,1,0,0,3,0,0,0,1
95,Stembureau Jungle Amsterdam,Oost,M29,1093 VS,1125,758,2,2,762,36,19,9,140,97,37,54,12,86,0,0,78,19,87,2,2,57,11,5,1,1,2,0,0,0,0,1,0,1,0,1,0,0
97,Stembureau Oase Zorg,Oost,M29,1093 LA,1095,238,2,2,242,11,1,0,41,37,11,21,3,16,1,0,39,3,32,0,0,13,4,0,1,0,1,0,0,0,0,0,0,2,0,0,0,1
98,Stembureau BAC,Oost,M33,1019 WL,1294,853,3,2,858,86,8,21,291,115,17,68,8,70,1,0,15,19,36,6,1,79,0,5,2,1,3,0,1,0,0,0,0,0,0,0,0,0
100,Stembureau De Eester,Oost,M33,1019 JR,1110,969,1,6,976,71,21,8,202,159,55,82,10,83,2,1,76,15,97,3,2,40,22,7,2,3,3,0,1,0,0,1,0,2,1,0,0,0
101,Stembureau Stichting Meevaart,Oost,M31,1094 JN,1086,826,2,2,830,65,17,13,193,105,27,61,4,68,1,1,86,12,78,5,2,68,13,2,0,0,3,0,0,0,0,0,0,1,0,0,1,0
102,Stembureau Gymzaal 8e montessorischool Zeeburg,Oost,M33,1019 KZ,1207,662,0,4,666,44,6,9,166,129,31,68,11,46,0,0,25,12,59,2,1,37,13,2,1,0,0,0,0,0,0,0,0,0,0,0,0,0
103,Stembureau Gymzaal Obiplein,Oost,M31,1094 RB,1194,517,2,4,523,39,20,6,95,51,19,40,4,24,1,0,104,15,45,2,0,28,19,2,0,1,0,0,0,0,0,1,1,0,0,0,0,0
104,Stembureau Stayokay Amsterdam Oost,Oost,M31,1094 CC,1247,828,5,5,838,61,24,8,197,148,33,54,4,80,0,1,58,17,69,6,1,54,6,2,0,0,2,0,1,1,0,1,0,0,0,0,0,0
105,Stembureau Gymzaal Obiplein,Oost,M31,1094 RB,1194,558,0,4,562,42,21,7,80,81,25,44,2,41,1,0,93,14,44,0,1,25,29,2,3,1,1,1,0,0,0,0,0,0,0,0,0,0
106,Stembureau Stayokay Amsterdam Oost,Oost,M31,1094 CC,1247,837,1,2,840,72,19,7,232,136,22,55,7,74,2,1,46,15,73,5,2,51,8,5,0,0,4,1,0,0,0,0,0,0,0,0,0,0
110,Stembureau Basisschool De Archipel,Oost,M51,1087 HN,1131,839,2,4,845,114,29,19,220,69,31,43,14,52,5,0,76,29,52,11,1,33,31,4,2,0,1,0,1,0,0,0,1,0,0,0,1,0
111,Stembureau OBA IJburg,Oost,M35,1087 GN,1119,1195,4,4,1203,199,34,26,346,108,43,56,10,84,3,0,77,38,47,17,3,75,13,7,1,0,1,0,1,1,1,0,2,1,0,1,0,0
112,Stembureau Gymzaal Montessorischool Steigereiland,Oost,M35,1086 ZT,1070,1266,3,4,1273,160,41,28,398,118,39,76,19,92,4,2,50,36,62,12,5,85,17,8,2,2,4,1,1,0,0,0,1,1,1,0,0,1
113,Stembureau abbs De Zuiderzee,Oost,M35,1086 VB,1223,780,2,1,783,112,20,19,214,65,21,54,13,63,3,0,30,32,51,14,1,47,10,1,3,0,4,1,0,0,1,0,1,0,0,0,0,0
114,Stembureau Stichting Meevaart,Oost,M31,1094 JN,1086,860,0,2,862,60,20,4,198,143,24,52,9,83,0,1,111,24,58,4,1,53,4,3,1,1,2,0,1,0,0,1,0,1,1,0,0,0
115,Stembureau IJburg College,Oost,M51,1087 HP,1059,1334,2,7,1343,224,46,25,324,89,53,64,22,75,4,6,114,53,108,14,8,60,24,5,2,0,8,0,1,0,1,0,2,1,0,0,0,1
119,Stembureau Grand Café Genieten,Oost,M29,1093 NG,1137,1228,5,9,1242,160,24,15,374,182,48,76,8,98,4,1,51,24,60,8,1,78,6,1,0,0,5,0,0,0,0,0,0,0,4,0,0,0
123,Stembureau Kinderboerderij De Werf,Oost,M56,1098 PX,1090,836,0,2,838,72,25,17,238,160,31,65,3,73,2,0,10,14,37,9,2,66,0,5,1,1,4,0,1,0,0,0,0,0,0,0,0,0
124,Stembureau Ouder- en Kindteam Oud Oost en Watergraafsmeer,Oost,M29,1093 SH,1144,495,0,6,501,39,16,5,108,71,22,26,4,32,3,1,65,4,43,3,2,32,11,3,0,1,1,1,1,0,0,1,0,0,0,0,0,0
125,Stembureau The Student Hotel Amsterdam City,Oost,M27,1091 GL,1224,1131,1,1,1133,146,14,22,359,137,38,59,7,85,0,0,26,31,64,12,1,99,8,7,2,1,9,1,1,0,0,0,0,1,0,1,0,0
126,"Stembureau Hogeschool van Amsterdam, Wibauthuis",Oost,M28,1091GH,1201,894,2,5,901,84,13,14,241,106,36,76,2,75,3,2,41,20,56,10,2,83,18,5,3,0,1,0,1,1,0,1,0,0,0,0,0,0
128,Stembureau Ouderencentrum De Gooyer,Oost,M29,1093 BJ,1288,678,1,2,681,65,32,12,147,79,42,50,9,53,4,1,49,12,61,8,0,32,10,1,2,3,1,0,0,1,0,0,1,3,0,0,0,0
130,Stembureau Sportzaal J.F. van Hengelstraat,Oost,M33,1019 DC,1279,499,0,0,499,49,1,15,180,80,17,32,1,36,2,0,9,10,18,3,1,41,0,1,0,0,1,0,2,0,0,0,0,0,0,0,0,0
134,Stembureau Servicepunt Kraaipan,Oost,M30,1091 LX,1064,378,0,1,379,44,11,5,78,63,12,30,3,27,1,0,37,5,18,0,1,24,13,1,0,0,2,0,1,2,0,0,0,0,0,0,0,0
136,Stembureau Sport- en Ontspanningsvereniging Pontania,Oost,M29,1093 TD,1234,385,1,3,389,32,16,2,68,41,19,43,6,29,0,1,63,8,31,3,1,12,3,1,2,0,0,0,0,1,1,0,2,0,0,0,0,0
137,Stembureau Gymzaal Metis Montessori Lyceum,Oost,M28,1091 HV,1233,452,1,6,459,52,10,7,78,87,19,28,0,29,0,0,49,7,40,3,0,28,8,0,1,2,2,0,1,0,0,0,0,1,0,0,0,0
138,Stembureau Hofkerk,Oost,M56,1098 KT,1223,1229,1,0,1230,109,20,21,441,176,51,90,21,102,4,0,4,21,46,15,1,97,0,4,0,0,5,0,0,1,0,0,0,0,0,0,0,0
139,Stembureau Gymzaal Metis Montessori Lyceum,Oost,M28,1091 HV,1204,472,2,5,479,36,13,2,94,67,24,34,2,36,3,0,45,11,51,3,2,27,10,2,0,0,0,1,0,0,0,2,0,0,5,2,0,0
140,Stembureau Sporthal Wethouder Verheij,Oost,M29,1093 KP,1171,580,1,3,584,45,25,3,156,91,22,47,6,44,2,1,23,17,27,2,0,49,11,4,1,0,3,0,0,0,0,0,1,0,0,0,0,0
141,Stembureau Servicepunt Het Brinkhuis,Oost,M57,1097 TM,1233,630,2,4,636,58,75,7,91,69,47,44,4,72,6,0,27,32,34,15,2,23,3,7,1,0,6,0,3,2,1,0,0,1,0,0,0,0
142,Stembureau Servicepunt Het Brinkhuis,Oost,M57,1097 TM,1202,672,1,2,675,54,83,14,111,78,73,39,9,76,2,1,18,31,31,9,1,24,4,6,0,1,0,1,0,0,0,0,4,1,0,0,1,0
144,Stembureau Café Restaurant Polder,Oost,M56,1098 XH,1217,915,1,1,917,54,8,12,280,182,17,69,4,62,0,0,2,31,72,6,2,99,0,6,1,2,3,1,0,0,0,0,1,1,0,0,0,0
145,Stembureau Kerk de Bron,Oost,M55,1097 ED,1237,1078,2,1,1081,130,37,17,359,160,34,73,9,93,5,1,16,21,43,4,2,66,3,0,0,0,3,0,1,0,0,0,0,0,0,0,0,1
147,Stembureau UvA Science Park,Oost,M56,1098 XH,1395,369,1,0,370,9,4,2,94,89,3,17,0,32,0,1,4,8,46,0,1,52,0,2,0,1,2,1,1,0,0,0,0,0,0,0,0,0
148,Stembureau Koningskerk,Oost,M55,1097 EP,1121,787,3,3,793,65,39,21,215,92,37,66,3,65,3,0,28,24,50,5,1,43,8,7,1,2,7,1,0,1,0,0,0,0,1,2,0,0
152,Stembureau Gebouw Tugela 85,Oost,M30,1091 VN,1350,575,2,4,581,50,15,3,117,88,35,28,4,41,3,0,49,24,51,3,1,31,22,5,0,1,2,0,0,0,0,0,2,0,0,0,0,0
153,Stembureau Buurtcentrum Oosterpark,Oost,M28,1092 CW,1320,977,6,7,990,88,29,12,226,153,36,72,6,74,0,3,83,13,81,6,0,67,11,5,0,1,5,0,1,0,0,0,0,4,0,1,0,0
154,Stembureau Scouting Oost 1,Oost,M56,1098 SM,1346,611,3,2,616,74,22,20,164,74,37,51,8,45,2,0,7,16,23,7,1,50,0,3,1,0,4,1,1,0,0,0,0,0,0,0,0,0
156,Stembureau Wijkservicepunt Hoekhuis,Oost,M55,1097 SC,1078,866,3,5,874,83,68,29,180,93,68,73,14,67,4,1,40,25,43,13,4,38,6,7,2,1,2,0,1,0,0,1,0,3,0,0,0,0
158,Stembureau Meininger Hotel Amsterdam Amstel,Oost,M55,1097 DN,1078,655,0,1,656,94,24,16,192,73,15,31,8,50,0,1,20,13,33,6,3,63,3,5,0,0,2,0,1,0,0,0,0,0,0,0,2,0
159,"Stembureau Hogeschool van Amsterdam, Leeuwenburg",Oost,M58,1097 DZ,1085,594,1,2,597,63,23,14,162,60,21,24,6,55,1,0,38,5,35,9,1,62,11,0,2,0,1,0,0,0,0,0,0,0,1,0,0,0
160,Stembureau Waternet,Oost,M58,1096 AC,1118,840,0,0,840,153,16,32,278,90,13,29,5,36,0,0,6,21,33,12,4,102,1,3,1,1,2,1,0,1,0,0,0,0,0,0,0,0
162,Stembureau Grand Café Frankendael,Oost,M55,1097 BT,1280,815,1,3,819,88,25,26,269,102,41,56,6,65,2,1,8,21,27,6,2,55,1,5,0,3,3,2,0,0,0,0,0,0,0,0,0,1
164,Stembureau Oosterparkkerk,Oost,M28,1091 AC,1068,1174,1,4,1179,98,17,17,318,219,49,67,16,120,3,1,30,18,91,6,1,91,2,4,1,0,3,0,1,0,0,0,0,0,0,1,0,0
166,Stembureau Muiderkerk,Oost,M29,1093 EG,1130,1327,3,6,1336,115,29,19,380,204,49,67,14,121,3,1,54,36,82,9,0,116,9,5,0,1,7,0,0,1,1,1,0,1,1,0,0,1
167,Stembureau BOOST Transvaal,Oost,M30,1091 XX,1210,583,1,6,590,30,17,4,144,102,25,29,8,44,2,2,48,15,49,1,1,42,8,1,1,1,1,1,0,0,0,2,0,4,0,0,0,1
169,Stembureau Het Parkhuis,Oost,M56,1098 WD,1190,923,3,1,927,87,48,27,241,134,41,100,8,51,1,2,37,16,47,18,1,51,7,0,0,1,3,1,0,0,0,0,0,1,0,0,0,0
170,Stembureau Sportzaal J.F. van Hengelstraat,Oost,M33,1019 DC,1279,493,0,2,495,58,1,9,181,75,13,44,1,38,0,1,3,2,13,6,1,44,1,1,0,0,0,0,0,0,1,0,0,0,0,0,0,0
171,Stembureau Gymzaal Laterna Magica,Oost,M51,1087 LG,1057,846,4,1,851,145,12,18,253,76,22,40,9,57,0,1,47,25,48,14,1,62,12,2,0,1,1,0,0,0,0,0,0,0,0,0,0,0
172,Stembureau Gymzaal Laterna Magica,Oost,M51,1087 LG,1056,1005,6,13,1024,199,20,21,313,72,18,51,13,72,0,1,63,23,44,14,0,51,13,5,3,1,3,0,0,0,0,4,0,0,0,1,0,0
173,Stembureau Gymzaal 4e Montessorischool De Pinksterbloem,Oost,M27,1091 EG,1390,584,0,4,588,68,6,12,186,86,18,37,2,50,1,0,14,12,21,4,0,53,4,3,1,1,2,1,1,0,0,1,0,0,0,0,0,0
174,Stembureau Gymzaal 4e Montessorischool De Pinksterbloem,Oost,M27,1091 EG,1389,583,1,2,586,63,15,5,210,67,23,35,2,46,1,0,14,3,30,6,1,53,2,4,1,0,2,0,0,0,0,0,0,0,0,0,0,0
175,Stembureau Panama Amsterdam,Oost,M33,1019 BM,1137,971,1,3,975,131,26,16,292,121,23,60,4,64,0,0,16,27,63,11,1,89,4,7,5,1,5,1,2,0,0,0,1,0,1,0,0,0
177,Stembureau Sporthal Wethouder Verheij,Oost,M29,1093 KP,1170,546,4,1,551,47,15,4,151,67,31,53,2,52,2,0,23,13,33,4,1,37,5,2,0,1,2,0,0,0,0,1,0,0,0,0,0,0
178,Stembureau Gymzaal Lidwinaschool,Oost,M55,1097 CA,1071,600,0,0,600,69,7,9,206,107,16,37,1,40,0,0,22,5,20,3,0,48,2,2,2,0,3,0,0,0,0,0,1,0,0,0,0,0
179,Stembureau Gymzaal Lidwinaschool,Oost,M55,1097 CA,1070,606,1,1,608,59,14,10,180,102,21,58,4,44,2,1,21,11,26,5,0,36,8,3,0,0,0,0,0,0,0,1,0,0,0,0,0,0
180,Stembureau Hotel Jakarta Amsterdam,Oost,M33,1019 SH,1109,1684,2,4,1690,199,30,32,533,240,54,148,13,128,5,3,20,31,73,12,8,131,3,5,3,2,7,0,0,1,0,2,1,0,0,0,0,0
181,Stembureau Sportzaal CVT,Oost,M35,1087 EJ,1297,711,2,6,719,88,9,11,199,68,19,42,12,54,2,0,85,18,35,8,1,44,6,0,2,1,1,0,0,0,1,1,0,4,0,0,0,0
182,Stembureau Sportzaal CVT,Oost,M35,1087 EJ,1311,720,0,2,722,93,19,10,238,55,21,44,7,50,1,0,56,13,39,7,1,44,11,3,1,0,5,0,0,0,0,1,0,1,0,0,0,0
183,Stembureau Sportgebouw Zeeburgereiland,Oost,M34,1095 MK,1230,856,1,0,857,87,21,17,250,112,16,33,6,71,2,0,19,20,95,12,2,74,6,6,0,0,2,1,1,0,0,0,2,0,0,1,0,0
184,Stembureau Sportgebouw Zeeburgereiland,Oost,M34,1095 MK,1229,905,2,1,908,124,9,24,255,127,15,42,8,73,0,0,22,28,69,7,4,77,0,8,1,0,8,2,0,0,0,0,1,1,0,0,0,0
185,Stembureau Sportzaal CVT,Oost,M35,1087 EJ,1278,709,3,3,715,129,26,14,191,67,15,34,10,51,5,0,56,15,40,4,0,33,10,0,0,0,1,1,0,0,1,0,0,3,2,0,1,0
186,Stembureau Gemeente Gebouw Cruquiusweg 5,Oost,M33,1019 AT,1275,345,3,2,350,28,21,5,71,36,16,28,5,30,0,0,32,9,30,3,0,20,5,3,0,0,1,0,0,0,1,1,0,0,0,0,0,0
187,Stembureau Gemeente Gebouw Cruquiusweg 5,Oost,M33,1019 AT,1276,349,2,1,352,38,20,8,70,46,10,31,5,36,1,1,21,7,19,9,2,19,3,0,0,1,1,0,0,1,0,0,0,0,0,0,0,0
188,Stembureau Hotel Arena,Oost,M28,1092 AA,1136,1281,0,3,1284,114,23,20,418,191,39,68,5,107,4,0,22,23,79,10,0,129,11,6,3,1,3,0,0,0,0,1,0,1,0,3,0,0
189,Stembureau Apostolisch Genootschap,Oost,M56,1098 JN,1069,1003,1,5,1009,111,22,22,327,157,31,85,13,72,3,0,7,15,38,7,0,81,0,2,0,0,3,1,1,0,0,2,0,0,0,3,0,0
190,Stembureau Tent Krugerplein,Oost,M30,1092 KA,1232,1341,3,7,1351,112,55,15,245,144,74,74,3,81,4,1,229,30,118,7,0,82,47,3,1,1,3,0,0,1,4,0,1,0,2,1,2,1
191,Stembureau Atelier De Omval,Oost,M58,1097 EB,1153,1048,3,1,1052,128,29,28,334,136,46,51,14,86,2,0,5,21,34,13,3,103,0,3,4,1,4,0,0,1,1,0,0,0,1,0,0,0
192,Stembureau Tent Levantplein,Oost,M33,1019 MB,1269,1127,4,2,1133,128,51,24,300,167,42,109,6,99,5,0,18,19,54,16,0,66,2,7,2,2,2,1,4,1,0,0,0,0,0,1,0,1
193,Stembureau Brandweer Kazerne Willem,Oost,M55,1097 AH,1074,857,0,0,857,99,15,14,295,125,12,60,2,64,3,1,12,7,38,9,0,87,5,4,1,0,3,0,0,0,0,0,0,1,0,0,0,0
194,Stembureau Buurthuis Archipel,Oost,M32,1095 RP,1298,724,4,7,735,42,15,8,136,109,39,38,4,58,0,0,121,11,71,5,1,40,15,6,2,1,1,0,0,0,0,0,0,1,0,0,0,0
200,Stembureau NU.VU,Zuid,K23,1081 HV,0,431,3,0,434,58,14,8,144,44,7,25,10,18,0,0,16,10,13,5,2,40,10,1,0,0,0,2,1,0,0,0,2,1,0,0,0,0
201,Stembureau Stichting Welzijn Doven Amsterdam,Zuid,K24,1073 AV,1224,985,5,1,991,125,39,18,237,100,58,68,6,88,7,1,23,25,75,10,3,78,9,5,0,1,7,0,0,1,0,0,0,0,0,1,0,0
202,Stembureau Venster 33,Zuid,K24,1072 NV,1247,1245,1,2,1248,229,39,22,385,101,39,65,5,103,2,3,21,33,52,18,4,98,7,3,2,0,10,0,0,0,0,0,3,0,1,0,0,0
203,Stembureau Fietsstemstraat RAI,Zuid,K23,,0,1371,2,1,1374,197,30,28,479,193,30,70,6,101,1,0,3,13,50,9,2,150,1,3,1,1,3,0,0,0,0,0,0,0,0,0,0,0
204,Stembureau Studio Automat Amsterdam,Zuid,K24,1074 CR,1239,564,1,1,566,106,3,12,162,62,14,22,2,39,0,0,8,21,29,12,1,58,0,5,3,0,2,0,1,2,0,0,0,0,0,0,0,0
205,Stembureau Studio Automat Amsterdam,Zuid,K24,1074 CR,1239,638,0,2,640,121,9,13,183,72,27,27,3,57,1,0,9,21,31,2,0,60,0,0,1,0,0,0,0,0,0,0,1,0,0,0,0,0
206,Stembureau Oranjekerk,Zuid,K25,1073 AE,1188,864,2,4,870,114,20,16,235,122,35,70,2,83,4,2,24,19,36,6,2,64,4,4,0,0,2,0,0,0,0,0,0,0,0,0,0,0
207,Stembureau Oranjekerk,Zuid,K25,1073 AE,1247,1098,2,3,1103,127,23,14,315,112,59,75,11,99,8,2,29,27,55,10,1,114,2,8,1,3,2,0,0,0,0,1,0,0,0,0,0,0
208,Stembureau Tent Vondelpark,Zuid,K46,1075 CX,1205,1319,2,2,1323,268,15,24,490,110,21,54,11,96,1,0,1,40,36,11,0,125,1,5,2,1,5,1,0,0,0,0,0,1,0,0,0,0
209,Stembureau Concertgebouw,Zuid,K47,1071 BB,1281,1541,2,3,1546,308,23,35,552,152,23,80,23,86,1,3,1,21,74,21,5,130,1,2,0,0,0,0,0,0,0,0,0,0,0,0,0,0
210,Stembureau NH Museum Quarter,Zuid,K47,1071 XL,1229,638,1,0,639,133,16,12,180,45,30,34,9,47,3,2,6,24,15,9,1,62,0,4,1,0,5,0,0,0,0,0,0,0,0,0,0,0
212,Stembureau Autostemstraat RAI,Zuid,K23,1078GZ,0,592,3,3,598,145,28,21,139,22,21,30,4,14,2,1,31,35,28,10,2,44,6,5,1,0,1,0,0,0,0,0,2,0,0,0,0,0
213,Stembureau Autostemstraat RAI,Zuid,K23,1078GZ,0,515,2,0,517,138,25,18,105,25,10,18,6,26,2,1,33,22,19,4,2,41,9,5,1,0,2,0,0,1,0,0,0,0,1,0,0,1
214,Stembureau Club Atelier,Zuid,K44,1059 CM,1164,745,0,1,746,124,17,22,228,65,22,35,1,52,1,1,13,20,37,8,2,90,2,3,0,0,2,0,0,0,0,0,0,0,0,0,0,0
216,Stembureau Tent Vondelpark,Zuid,K46,1075 CX,1205,1194,1,2,1197,241,20,46,450,88,13,41,2,75,4,1,2,14,39,18,1,127,1,3,0,1,4,0,1,0,0,0,1,0,0,1,0,0
218,Stembureau Club Atelier,Zuid,K44,1059 CM,1164,709,1,2,712,124,22,19,190,73,15,26,2,55,2,0,22,17,29,15,0,82,5,2,0,0,6,0,1,0,0,1,1,0,0,0,0,0
220,Stembureau Het Amsterdamse Proeflokaal,Zuid,K48,1076 CK,1248,1306,4,9,1319,291,74,41,399,83,38,71,7,68,3,1,20,50,32,16,2,94,2,1,1,4,5,0,0,0,0,0,0,0,0,0,1,2
221,Stembureau Sportcentrum De Pijp,Zuid,K25,1072 RD,1230,1060,2,7,1069,109,49,30,220,124,79,80,6,93,7,2,70,39,61,10,6,48,7,5,1,1,5,0,1,1,0,1,1,2,1,0,0,1
222,Stembureau Van Goghmuseum,Zuid,K47,1071 DJ,1227,1478,0,3,1481,249,22,36,525,157,39,69,6,87,0,4,3,36,69,14,1,145,4,4,0,0,4,1,1,2,0,0,0,0,0,0,0,0
223,Stembureau Menno Simonszhuis/Dynamo,Zuid,K90,1081 AS,1211,372,1,2,375,107,29,17,82,21,13,27,5,25,2,0,5,9,6,6,3,12,0,1,0,0,0,0,0,1,0,1,0,0,0,0,0,0
224,Stembureau Apollohal,Zuid,K49,1077 RV,1177,579,2,0,581,148,15,33,174,43,7,34,1,39,1,0,5,17,6,10,2,41,0,0,0,1,2,0,0,0,0,0,0,0,0,0,0,0
225,Stembureau Autostemstraat RAI,Zuid,K23,1078GZ,0,640,1,1,642,167,29,22,140,26,14,14,7,27,1,2,51,36,24,18,2,39,7,6,0,0,3,3,0,0,0,0,2,0,0,0,0,0
228,Stembureau Oud-Katholieke parochies Amsterdam,Zuid,K47,1071 XA,1239,1090,0,3,1093,223,19,23,304,110,38,62,8,93,1,0,10,39,39,9,1,94,3,5,0,3,5,1,0,0,0,0,0,0,0,0,0,0
229,Stembureau De Coenen,Zuid,K47,1071 WG,1165,601,1,3,605,57,19,18,182,56,31,79,7,52,1,0,3,15,35,7,0,30,0,2,0,0,4,1,1,0,0,0,0,0,0,0,0,1
230,Stembureau Weteringkerk,Zuid,K52,1079 RA,1234,634,0,2,636,100,27,25,175,78,24,48,10,41,0,1,11,22,14,8,0,42,0,3,0,0,4,0,0,1,0,0,0,0,0,0,0,0
231,Stembureau Park Centraal,Zuid,K47,1071 ZD,1213,178,0,2,180,32,5,3,71,16,4,5,1,10,0,0,0,7,7,1,0,15,0,0,0,0,1,0,0,0,0,0,0,0,0,0,0,0
232,Stembureau Unstudio,Zuid,K23,1082 MC,1227,343,0,0,343,96,7,16,109,19,2,10,5,12,0,1,4,13,6,4,0,36,0,0,1,0,2,0,0,0,0,0,0,0,0,0,0,0
233,Stembureau Gymzaal Nicolaas Maesschool,Zuid,K47,1071 SK,1207,348,0,2,350,64,5,16,111,40,13,23,1,24,3,0,1,13,6,2,0,22,0,1,0,0,3,0,0,0,0,0,0,0,0,0,0,0
234,Stembureau A.S.R. Nereus,Zuid,K53,1078 RT,1222,1029,3,2,1034,173,14,33,334,101,17,56,4,51,2,1,16,29,14,15,1,154,6,2,0,2,1,1,0,0,1,0,0,0,0,0,1,0
235,Stembureau Marius ten Catehof,Zuid,K90,1081 ES,1235,428,2,1,431,99,22,14,122,23,21,19,4,32,5,0,5,16,4,7,1,24,1,2,1,1,2,0,1,0,0,0,0,1,0,0,0,1
236,Stembureau Tent Albert Neuhuysstraat,Zuid,K44,1058 SC,1286,1255,4,4,1263,199,60,27,411,114,42,76,5,118,2,2,15,30,33,15,4,87,1,4,1,0,4,1,0,1,1,0,0,1,0,1,0,0
237,Stembureau Gymzaal Rustenburgerstraat,Zuid,K25,1073GK,1171,739,1,4,744,96,15,19,219,80,24,44,2,48,0,3,22,16,41,6,0,89,6,2,0,0,2,0,0,0,1,0,2,1,0,0,0,1
239,Stembureau Amsteldok,Zuid,K54,1079 LH,1196,479,0,1,480,84,8,7,155,51,8,22,7,28,0,0,9,12,14,8,0,59,1,2,0,0,1,0,0,0,0,0,0,3,0,0,0,0
240,Stembureau Amsteldok,Zuid,K54,1079 LH,1196,479,0,1,480,97,1,12,169,33,7,20,3,24,1,1,8,16,11,9,1,58,0,1,1,1,1,2,2,0,0,0,0,0,0,0,0,0
241,Stembureau Cinetol,Zuid,K26,1074 VM,1209,1302,3,6,1311,94,54,21,266,178,77,118,6,137,3,2,95,31,99,9,2,83,12,4,0,2,3,0,0,3,0,2,0,0,0,0,1,0
242,Stembureau Studio Sarphaat,Zuid,K25,1073 ED,1208,1166,2,4,1172,152,24,23,365,108,37,56,5,117,3,1,34,45,69,8,2,104,1,3,1,0,5,0,0,0,0,0,1,1,1,0,0,0
243,Stembureau Apollohal,Zuid,K49,1077 RV,1176,578,1,1,580,171,22,24,172,30,15,26,3,32,2,0,4,11,12,8,0,43,0,2,0,0,0,0,0,0,0,0,0,0,1,0,0,0
245,Stembureau Pestana Amsterdam Riverside,Zuid,K25,1074 HZ,1239,484,0,1,485,73,7,13,144,48,18,41,7,37,0,1,12,8,20,9,1,36,2,2,0,0,2,1,0,0,0,0,0,1,0,0,0,1
246,Stembureau A.L.T.C. Joy Jaagpad,Zuid,K44,1059 BP,1167,267,1,0,268,42,4,7,88,34,12,18,1,22,0,0,1,3,5,7,1,19,0,0,0,0,0,0,0,2,0,0,0,0,0,0,0,1
247,Stembureau Willem de Zwijgerkerk,Zuid,K48,1076 VX,1209,1010,1,11,1022,137,44,30,243,104,56,69,8,85,7,1,24,53,36,13,1,72,9,9,2,1,3,0,0,2,0,0,0,1,0,0,0,0
248,Stembureau Willem de Zwijgerkerk,Zuid,K48,1076 VX,1210,1075,5,4,1084,140,58,32,284,96,64,74,15,83,1,2,31,53,39,10,3,62,9,6,3,0,2,1,0,1,2,1,0,1,0,1,0,1
250,Stembureau Olympisch Stadion,Zuid,K48,1076 DE,1231,1205,2,3,1210,251,22,37,364,80,18,72,13,78,5,1,29,45,51,17,2,107,2,3,1,0,2,0,2,1,0,0,0,2,0,0,0,0
251,Stembureau Olympisch Stadion,Zuid,K48,1076 DE,1230,1223,2,4,1229,213,24,34,414,119,36,56,5,86,7,1,13,33,36,10,2,120,1,1,2,1,5,0,3,1,0,0,0,0,0,0,0,0
252,Stembureau Gymzaal Rustenburgerstraat,Zuid,K25,1073 GK,1172,714,0,3,717,98,24,12,221,57,30,38,8,76,1,2,21,22,34,9,2,43,7,3,1,0,2,0,0,0,0,0,1,1,0,1,0,0
253,Stembureau Gymzaal,Zuid,K49,1077 AZ,1281,159,0,3,162,55,1,9,47,9,0,3,0,5,0,0,2,5,5,0,0,15,0,0,0,0,1,1,0,0,0,0,0,0,0,1,0,0
254,Stembureau Gymzaal,Zuid,K49,1077 AZ,1281,127,1,0,128,39,4,1,40,11,4,8,2,4,0,1,0,2,3,2,0,4,0,0,0,0,0,2,0,0,0,0,0,0,0,0,0,0
256,Stembureau Tent Albert Neuhuysstraat,Zuid,K44,1058 SC,1286,1058,1,7,1066,163,47,30,363,78,39,66,4,75,3,0,16,23,38,7,4,90,0,6,1,0,5,0,0,0,0,0,0,0,0,0,0,0
257,Stembureau Dep. OBS De Notenkraker,Zuid,K44,1058 SG,1296,801,0,5,806,144,20,24,274,65,21,37,14,67,2,1,8,22,21,4,2,62,2,0,2,3,4,0,0,0,1,0,0,0,0,0,1,0
258,Stembureau Dep. OBS De Notenkraker,Zuid,K44,1058 SG,1296,859,4,1,864,147,35,28,280,98,22,40,3,61,5,0,7,20,22,12,2,63,2,3,0,0,3,1,2,0,0,0,1,1,0,1,0,0
259,Stembureau Hotel Okura Amsterdam,Zuid,K25,1072LH,1264,1865,1,4,1870,334,59,47,597,191,55,94,12,129,4,2,21,42,64,21,3,171,6,3,1,0,2,1,2,0,1,1,0,0,0,1,1,0
260,Stembureau Concertgebouw,Zuid,K47,1071 LN,1204,1542,1,1,1544,255,28,35,538,172,32,82,14,104,3,2,3,35,70,17,0,140,0,3,2,1,4,0,1,1,0,0,0,0,0,0,0,0
261,Stembureau Gymzaal Nicolaas Maesschool,Zuid,K47,1071 SK,1232,350,0,1,351,81,6,9,105,31,15,27,4,12,1,2,1,7,6,8,1,31,0,0,1,0,1,0,0,0,0,0,1,0,0,0,0,0
262,Stembureau Som2 Building,Zuid,K23,1082MC,1220,697,3,3,703,212,16,27,216,33,4,20,4,26,0,0,9,18,21,9,1,73,3,1,1,0,1,0,1,0,0,0,1,0,0,0,0,0
264,Stembureau Puur Zuid,Zuid,K54,1079 EK,1210,1271,1,6,1278,156,68,38,351,128,77,76,8,100,6,1,59,47,43,14,3,63,8,12,1,2,2,0,0,0,1,0,1,5,0,0,1,0
265,Stembureau RAI,Zuid,K23,1078 GZ,0,797,1,3,801,145,15,29,253,73,22,35,10,48,1,1,27,16,20,12,2,65,10,2,0,0,6,1,0,0,0,0,3,0,0,1,0,0
266,Stembureau RAI,Zuid,K23,1078 GZ,0,668,0,1,669,129,18,26,225,65,11,29,1,27,2,1,12,11,25,5,0,64,1,3,3,4,5,0,1,0,0,0,0,0,0,0,0,0
268,Stembureau De Roei- & Zeilvereniging De Amstel,Zuid,K47,1071 XW,1282,872,1,2,875,120,19,15,298,102,25,58,3,69,1,0,16,17,18,13,2,85,3,1,1,1,2,1,0,0,0,0,0,1,0,1,0,0
269,Stembureau Tent Minervalaan,Zuid,K49,1077 NR,1296,1482,2,3,1487,455,38,65,459,81,17,59,6,75,1,2,4,30,28,22,1,128,0,3,2,1,3,0,1,1,0,0,0,0,0,0,0,0
270,Stembureau RAI,Zuid,K23,1078 GZ,0,707,2,1,710,114,14,17,230,74,20,38,4,42,2,0,22,17,27,6,1,64,8,3,0,0,1,0,1,0,0,0,1,0,0,0,0,1
271,Stembureau Haarlemmermeerstation,Zuid,K45,1075 XV,1263,1124,1,3,1128,171,37,21,326,112,49,84,9,78,4,3,34,29,56,17,1,75,7,4,0,0,4,0,0,1,0,2,0,0,0,0,0,0
273,Stembureau Park Centraal,Zuid,K47,1071 ZD,1213,180,1,0,181,39,8,4,51,15,3,6,2,11,0,0,1,5,12,3,0,16,0,2,2,0,0,0,0,0,0,0,0,0,0,0,0,0
274,Stembureau gymzaal De Rivierenschool,Zuid,K52,1079 EM,1269,924,1,0,925,129,20,30,313,87,36,47,9,69,1,1,12,21,27,7,1,100,2,3,3,1,2,0,1,0,0,0,1,1,0,0,0,0
275,Stembureau gymzaal De Rivierenschool,Zuid,K52,1079 EM,1269,998,1,2,1001,153,20,25,311,83,40,70,9,75,3,2,15,32,36,15,2,91,6,5,2,0,0,0,0,1,0,0,1,0,0,0,0,1
277,Stembureau Autostemstraat RAI,Zuid,K23,1078GZ,0,589,0,2,591,132,33,11,163,20,16,19,11,25,1,0,40,34,25,12,4,33,6,3,0,1,0,0,0,0,0,0,0,0,0,0,0,0
278,Stembureau Amstel Boathouse,Zuid,K54,1079LK,1261,422,1,0,423,65,8,9,160,43,12,13,4,32,0,0,2,11,9,4,2,45,1,0,1,0,1,0,0,0,0,0,0,0,0,0,0,0
279,Stembureau Stadsloket Zuid,Zuid,K52,1079 MZ,1267,1103,3,8,1114,176,38,22,317,92,51,51,7,83,3,2,53,49,55,15,2,70,4,6,1,1,4,0,0,0,0,0,0,1,0,0,0,0
280,Stembureau Pestana Amsterdam Riverside,Zuid,K25,1074 HZ,1239,682,3,1,686,89,12,19,219,67,27,45,5,46,1,0,20,25,21,5,0,55,16,2,0,1,1,0,1,0,0,2,0,1,0,2,0,0
281,Stembureau Tent Valeriusplein,Zuid,K46,1075 BG,1221,1345,2,2,1349,331,27,41,406,81,40,59,7,86,4,5,12,43,28,20,3,132,6,4,2,0,3,1,1,0,0,1,0,0,0,1,1,0
282,Stembureau Thomaskerk,Zuid,K59,1077 WX,1209,432,0,0,432,124,5,21,121,33,4,30,6,22,0,1,2,13,9,7,0,33,0,1,0,0,0,0,0,0,0,0,0,0,0,0,0,0
286,Stembureau Thomaskerk,Zuid,K59,1077 WX,1210,338,0,1,339,98,8,19,85,26,5,26,5,15,1,1,0,3,1,11,0,31,0,0,0,0,0,0,1,0,0,1,0,1,0,0,0,0
289,Stembureau NH Amsterdam Zuid,Zuid,K91,1082 GG,1249,506,0,1,507,133,31,23,99,39,11,26,7,33,2,0,6,22,8,11,1,45,0,0,3,4,0,0,1,1,0,0,0,0,0,0,0,0
290,Stembureau Tent Europaboulevard,Zuid,K91,1083 BB,1294,508,4,1,513,120,58,32,96,25,31,27,8,24,1,3,6,26,10,13,3,16,0,3,0,1,2,0,1,0,0,1,1,0,0,0,0,0
291,Stembureau The College Hotel,Zuid,K47,1071 VE,1216,1009,0,0,1009,175,31,22,356,89,25,53,5,70,1,2,0,28,38,6,1,94,0,3,0,1,4,2,1,0,0,0,0,0,0,2,0,0
292,Stembureau Andrieskerk,Zuid,K90,1081 HL,1205,931,4,3,938,199,71,48,228,64,40,59,21,65,2,2,12,26,28,8,3,43,3,0,1,1,2,1,0,0,1,0,2,0,0,1,0,0
293,Stembureau De Mirandabad,Zuid,K54,1079 PA,1233,978,9,2,989,157,46,31,266,107,39,76,7,77,2,0,15,40,28,4,1,67,5,5,1,1,1,0,1,0,0,0,0,1,0,0,0,0
294,Stembureau Amstel Boathouse,Zuid,K54,1079LK,1260,403,0,0,403,71,4,11,141,34,9,16,1,36,1,1,1,5,13,10,0,43,1,1,0,1,1,0,2,0,0,0,0,0,0,0,0,0
295,Stembureau Gymzaal bij school De Ark,Zuid,K90,1082 EK,1179,622,1,2,625,99,47,38,148,48,27,39,14,44,2,2,20,25,12,13,1,27,3,4,1,1,2,0,2,1,0,0,0,2,0,0,0,0
296,Stembureau Gymzaal bij school De Ark,Zuid,K90,1082 EK,1179,556,1,2,559,107,46,21,106,48,29,34,13,45,2,2,8,22,11,13,2,29,3,5,1,0,4,0,1,0,1,0,1,0,0,0,0,2
297,Stembureau Menno Simonszhuis/Dynamo,Zuid,K90,1081 AS,1213,385,0,1,386,102,33,12,91,26,12,22,10,21,3,0,3,16,2,8,0,15,0,4,0,1,0,0,0,2,1,0,1,0,0,0,0,0
298,Stembureau Marius ten Catehof,Zuid,K90,1081 ES,1231,437,1,2,440,102,26,12,102,30,18,22,4,25,4,1,5,35,10,7,2,23,3,2,0,2,0,0,0,1,0,0,0,0,0,0,0,1
300,Stembureau WTC Toren A t/m G,Zuid,K23,1077 XW,0,521,0,1,522,117,6,15,189,47,6,17,2,25,0,0,11,14,17,4,1,43,4,1,0,0,1,1,0,0,0,0,0,0,0,0,0,0
301,Stembureau Sporthallen Zuid,Zuid,K48,1076 EP,560,296,0,0,296,51,10,11,96,27,9,12,1,19,3,0,13,7,4,6,0,22,0,1,0,0,3,0,1,0,0,0,0,0,0,0,0,0
302,Stembureau Tent IJselplein,Zuid,K53,1072 VW,1225,775,2,1,778,107,33,20,223,88,32,34,6,68,2,1,22,25,33,13,0,50,8,2,1,1,5,0,1,0,0,0,0,0,0,0,0,0
303,Stembureau Tent IJselplein,Zuid,K53,1072 VW,1196,1127,1,7,1135,180,35,19,341,100,72,61,3,78,2,0,29,44,47,9,1,88,1,6,1,1,5,0,0,0,1,0,1,1,1,0,0,0
304,Stembureau Amsteltrouw,Zuid,K91,1083 HZ,1284,611,0,4,615,128,27,23,155,50,22,40,4,40,1,2,14,27,19,12,0,33,0,2,2,2,4,2,0,1,0,0,0,0,0,0,1,0
305,Stembureau Multifunctioneel Centrum Binnenhof,Zuid,K90,1082 LP,1216,732,3,8,743,150,63,24,154,41,40,45,18,38,11,0,12,40,19,16,2,41,3,2,2,1,7,0,0,0,1,1,0,0,0,0,0,1
306,Stembureau Multifunctioneel Centrum Binnenhof,Zuid,K90,1082 LP,1215,769,0,3,772,181,53,45,167,56,38,46,14,41,4,2,13,31,31,8,2,30,2,0,0,1,1,0,0,0,0,0,0,2,1,0,0,0
307,Stembureau NU.VU,Zuid,K23,1081 HV,0,416,0,1,417,51,4,14,128,43,12,22,5,28,0,1,17,18,19,1,1,39,7,2,0,0,0,0,2,1,0,0,0,1,0,0,0,0
308,Stembureau NH Amsterdam Zuid,Zuid,K91,1082 GG,1248,590,1,1,592,163,39,26,125,36,19,30,8,32,2,6,5,34,13,9,1,25,2,4,0,3,3,2,0,1,0,1,0,1,0,0,0,0
309,Stembureau Hilton Amsterdam,Zuid,K49,1077BG,1239,903,1,5,909,295,21,41,261,52,18,39,0,50,0,0,6,28,9,15,2,59,0,2,2,0,0,0,1,0,0,0,0,0,0,0,2,0
310,Stembureau Hilton Amsterdam,Zuid,K49,1077BG,1239,893,2,5,900,313,30,35,239,36,19,27,5,54,3,1,5,26,5,18,0,71,1,0,1,0,1,0,0,0,0,0,2,0,0,1,0,0
311,Stembureau Gymzaal Kinderopvang Parvaneh,West,E37,1055 PE,1479,638,3,6,647,36,27,6,154,81,32,26,10,54,2,0,116,14,35,4,2,18,16,2,0,0,1,0,1,0,0,0,0,0,1,0,0,0
315,Stembureau Tijl Uilenspiegelschool,West,E38,1055 CK,1165,678,0,3,681,60,19,12,151,90,23,45,5,47,1,2,110,11,32,2,0,38,23,3,0,0,1,0,0,0,0,0,1,0,0,1,0,1
316,Stembureau Tijl Uilenspiegelschool,West,E38,1055 CK,1165,717,1,3,721,61,25,10,133,97,26,34,5,55,2,0,133,6,43,2,2,57,14,3,2,1,3,0,0,0,0,0,0,1,2,0,0,0
319,Stembureau Wachterliedpaviljoen,West,E38,1055 SB,1260,1164,4,6,1174,89,29,20,330,175,26,58,11,107,9,0,93,26,73,15,1,80,9,8,1,1,1,0,1,0,0,0,0,0,0,1,0,0
324,Stembureau Theater De Krakeling,West,E13,1014DB,1426,1168,2,1,1171,88,17,12,345,213,38,65,2,102,1,1,8,33,96,6,0,128,3,4,1,2,1,0,1,0,0,0,0,0,0,1,0,0
325,Stembureau Centrum voor Ouderen De Boeg,West,E39,1055 SC,1481,1280,4,3,1287,139,36,19,312,162,45,76,11,87,3,5,125,33,78,13,2,83,26,10,6,1,4,2,0,0,1,0,0,0,0,1,0,0
330,Stembureau Basisschool Catamaran Landlust,West,E37,1055 KK,1472,820,5,9,834,56,15,14,173,114,37,30,2,54,2,1,157,22,59,1,0,48,25,6,2,0,1,0,0,0,0,0,1,0,0,0,0,0
331,Stembureau 't Landhuis,West,E37,1055 VC,1201,561,4,0,565,56,21,9,145,71,17,28,3,43,2,0,47,18,37,3,1,34,19,3,1,1,1,0,0,0,0,0,0,0,0,0,1,0
332,Stembureau 't Landhuis,West,E37,1055VC,1200,871,4,5,880,88,31,14,227,99,30,53,3,79,4,2,113,12,36,8,0,61,6,2,0,0,2,0,0,1,0,0,0,0,0,0,0,0
335,Stembureau A.K.C. Blauw-Wit,West,E37,1056 EP,1468,297,0,3,300,28,13,7,96,44,9,15,4,20,0,0,7,9,16,3,0,18,4,0,0,0,3,0,0,1,0,0,0,0,0,0,0,0
336,Stembureau A.K.C. Blauw-Wit,West,E37,1056 EP,1468,300,0,3,303,30,8,4,82,40,8,16,3,22,2,0,29,5,11,1,0,30,2,4,1,0,2,0,0,0,0,0,0,0,0,0,0,0
337,Stembureau A.K.C. Blauw-Wit,West,E37,1056 EP,1468,281,0,2,283,23,4,4,78,47,9,7,2,26,0,0,16,9,16,4,1,27,6,0,0,1,1,0,0,0,0,0,0,0,0,0,0,0
338,Stembureau A.K.C. Blauw-Wit,West,E37,1056 EP,1469,312,1,1,314,26,7,3,106,42,2,15,6,27,1,0,27,11,5,1,0,27,3,1,0,0,2,0,0,0,0,0,0,0,0,0,0,0
341,Stembureau Gymzaal,Nieuw-West,F84,1066 ER,1695,632,1,2,635,123,46,28,141,44,22,32,5,22,4,0,44,25,16,22,0,32,20,1,0,0,2,1,0,1,0,0,1,0,0,0,0,0
342,Stembureau Vrouw en Vaart,Nieuw-West,F81,1068 VN,1564,767,1,1,769,108,47,22,138,60,35,47,11,37,5,0,125,20,27,17,2,20,30,1,0,2,7,1,1,0,0,1,1,1,1,0,0,0
343,Stembureau Het Talent,Nieuw-West,F81,1068 LL,1595,518,2,2,522,33,42,13,45,24,34,47,5,18,2,0,195,15,13,9,0,3,20,0,0,0,0,0,0,0,0,0,0,0,0,0,0,0
344,Stembureau De Ossestal,Nieuw-West,F81,1068 BZ,1584,377,3,4,384,39,35,8,30,15,14,33,3,10,3,0,130,13,19,5,2,5,6,1,1,0,0,1,0,0,1,0,0,3,0,0,0,0
347,Stembureau Stadsloket Nieuw-West,Nieuw-West,F81,1068 TG,1577,1077,6,14,1097,129,79,17,152,89,37,58,19,33,3,1,252,41,61,14,1,26,51,4,0,1,4,0,0,0,0,1,0,2,1,0,0,1
349,Stembureau Calandhal,Nieuw-West,F81,1068 RR,1533,579,0,5,584,68,40,18,90,40,30,26,9,21,5,1,118,23,19,12,2,16,26,5,0,1,1,1,0,0,1,4,1,0,0,0,1,0
351,Stembureau Gymzaal,Nieuw-West,F82,1069AE,1550,518,2,6,526,59,35,4,64,16,19,33,5,6,1,0,191,13,20,1,0,11,34,2,1,1,0,1,0,1,0,0,0,0,0,0,0,0
354,Stembureau De Wachter,Nieuw-West,F82,1069 DA,1536,920,4,21,945,68,44,22,119,67,26,54,4,16,11,0,355,16,35,10,2,9,47,4,5,1,1,0,0,0,0,0,1,1,1,0,1,0
359,Stembureau Huis van de Wijk De Aker,Nieuw-West,F83,1069 PC,1574,1378,3,7,1388,166,160,30,162,66,92,76,20,53,10,2,313,55,49,33,9,22,43,2,0,2,0,4,0,2,0,0,0,2,4,0,1,0
361,Stembureau Gymzaal,Nieuw-West,F83,1069GE,1582,522,2,5,529,32,34,10,50,24,28,24,8,34,4,0,157,18,35,5,3,16,31,6,0,2,1,0,0,0,0,0,0,0,0,0,0,0
362,Stembureau Gymzaal,Nieuw-West,F83,1069GE,1583,624,4,2,630,64,50,12,79,42,20,41,9,19,4,0,155,28,34,8,1,12,32,2,2,0,4,3,0,0,1,1,1,0,0,0,0,0
371,Stembureau OBA Osdorp,Nieuw-West,F81,1068 EL,1564,1143,7,8,1158,112,54,26,207,106,38,74,31,46,5,0,223,45,80,8,0,37,33,8,2,3,3,0,1,0,0,0,0,0,0,0,1,0
372,Stembureau Leonardo Hotel Amsterdam Rembrandtpark,Nieuw-West,F86,1057PH,1709,934,5,1,940,132,19,13,301,87,26,37,6,61,7,0,75,34,27,16,0,74,8,1,2,1,4,1,0,0,1,0,1,0,0,0,0,0
373,Stembureau Aristo Meeting Center,Nieuw-West,F11,1043EJ,1626,438,4,0,442,48,20,10,101,62,17,23,2,39,4,1,15,20,28,5,0,31,6,3,0,0,1,0,0,0,0,0,2,0,0,0,0,0
376,Stembureau Basisschool De Wereldburger,Nieuw-West,F82,1069 JR,1587,1266,2,10,1278,160,67,32,215,83,46,68,15,46,6,0,328,40,67,8,1,18,57,4,0,1,0,2,0,0,0,0,1,0,0,0,1,0
390,Stembureau WestCord Art Hotel,West,E13,1013 ZX,1299,340,0,2,342,36,17,7,85,41,19,26,3,31,1,0,8,19,15,6,0,20,4,0,0,0,1,0,0,0,0,0,1,0,0,0,0,0
391,Stembureau De Spaarndammerhout,West,E12,1014 ZG,1441,971,1,3,975,144,10,10,331,106,28,73,8,71,2,1,28,17,32,10,2,82,12,0,0,0,2,0,0,0,0,0,0,1,0,0,1,0
392,Stembureau De Spaarndammerhout,West,E12,1014 ZG,1441,1148,2,4,1154,180,25,15,357,122,37,70,4,70,3,2,34,32,53,17,3,106,10,2,1,0,4,0,0,1,0,0,0,0,0,0,0,0
393,Stembureau Museum Het Schip,West,E13,1013 WG,1437,1203,2,5,1210,81,52,14,265,192,67,85,10,127,7,1,20,37,121,12,1,86,2,8,0,1,3,0,2,0,0,0,1,5,0,1,1,1
394,Stembureau De Bogt Westerbeer,West,E13,1013 VW,1478,1185,6,6,1197,98,115,16,225,129,79,95,15,111,8,1,60,47,83,16,2,56,8,5,0,0,6,1,0,4,1,1,1,0,0,2,0,0
396,Stembureau De Zeeheld,West,E13,1013 PV,1308,1048,1,10,1059,95,40,16,245,163,42,69,6,98,2,1,39,35,76,7,2,70,16,10,1,1,3,0,0,4,0,0,0,0,2,3,1,1
398,Stembureau De Koperen Knoop,West,E14,1051 BA,1340,1192,0,9,1201,79,66,19,270,139,100,70,9,122,11,3,51,47,85,23,0,65,8,13,0,1,4,0,1,0,0,0,3,2,0,0,1,0
399,Stembureau De Koperen Knoop,West,E14,1051 BA,1339,917,1,9,927,63,56,16,196,103,65,70,9,97,5,2,37,35,72,7,0,50,15,9,0,1,6,1,0,0,0,1,0,1,0,0,0,0
401,Stembureau Van Hogendorphal,West,E15,1051 CE,1196,446,0,0,446,40,11,4,119,69,28,37,4,45,0,0,18,8,23,4,0,23,3,2,0,0,1,1,1,0,0,2,1,0,2,0,0,0
402,Stembureau Van Hogendorphal,West,E15,1051 CE,1196,432,0,0,432,42,19,4,119,58,22,32,2,52,0,0,12,12,10,2,0,20,15,5,0,1,2,0,0,0,0,0,0,0,0,3,0,0
403,Stembureau School De Bron,West,E14,1051 XM,1318,1172,1,7,1180,95,39,14,301,182,63,77,1,118,5,1,56,45,75,9,2,61,5,10,1,1,5,0,0,2,0,0,0,1,3,0,0,0
406,Stembureau Van Hogendorphal,West,E15,1051 CE,1196,443,0,0,443,34,8,10,115,84,17,28,2,42,0,0,14,18,28,5,2,24,8,3,0,0,0,0,0,0,0,0,0,1,0,0,0,0
407,Stembureau Van Hogendorphal,West,E15,1051 CE,1198,425,0,0,425,35,14,4,103,67,19,28,2,55,0,0,11,20,20,5,3,34,2,1,0,0,1,0,0,0,0,1,0,0,0,0,0,0
410,Stembureau Marcanti College,West,E15,1051 KM,1469,1120,4,1,1125,129,54,21,292,145,59,70,7,94,3,1,66,36,44,9,2,68,8,5,0,2,1,1,0,2,0,0,0,0,1,0,0,0
413,Stembureau Openbare Bibliotheek Amsterdam,West,E14,1051 HE,1471,1598,1,4,1603,156,48,35,467,200,80,137,8,148,7,1,46,35,78,17,3,105,8,8,0,1,5,1,0,2,0,0,0,0,1,0,0,1
414,Stembureau De Gibraltar,West,E37,1055PS,1312,554,3,4,561,53,13,17,157,82,15,30,9,46,3,0,32,6,29,3,0,54,2,1,1,0,0,0,0,0,0,0,0,0,0,0,0,1
415,Stembureau Vondelkerk,West,E22,1054 GS,1455,835,2,1,838,140,8,19,270,97,15,43,7,58,1,2,2,10,33,12,2,103,0,4,0,1,7,0,0,0,0,0,0,1,0,0,0,0
416,Stembureau Vondelkerk,West,E22,1054 GS,1454,989,2,3,994,165,15,23,316,120,21,53,10,86,0,1,1,23,53,9,1,79,1,4,1,1,5,0,0,0,0,0,0,0,1,0,0,0
417,Stembureau Daily Paper,West,E17,1053 KN,1460,1300,0,5,1305,154,22,11,346,172,22,49,1,86,2,0,39,26,217,12,0,108,16,9,0,0,3,0,0,2,1,0,0,1,0,1,0,0
418,Stembureau Conscious Hotel,West,E21,1054 MB,1310,431,0,0,431,61,9,10,128,60,14,14,1,43,2,0,1,11,20,3,0,49,0,0,1,1,2,0,0,0,0,0,1,0,0,0,0,0
419,Stembureau LAB111,West,E20,1054 PD,1347,518,0,1,519,40,7,4,156,94,21,30,2,49,0,0,5,7,50,2,0,46,0,3,0,0,1,0,0,0,0,0,0,0,0,1,0,0
420,Stembureau LAB111,West,E20,1054 PD,1347,516,1,1,518,35,16,9,148,84,25,34,4,66,0,0,7,7,30,1,0,40,4,5,0,1,0,0,0,0,0,0,0,0,0,0,0,0
421,Stembureau Huis van de wijk De Havelaar,West,E18,1053 SX,1195,858,2,9,869,67,39,13,221,111,46,51,4,92,3,1,32,20,55,9,1,61,14,8,0,1,3,2,0,2,1,0,0,1,0,0,0,0
423,Stembureau Galerie Beeldend Gesproken,West,E18,1053 RT,1410,1312,2,6,1320,151,44,15,423,141,53,76,9,107,5,2,32,28,54,12,0,133,12,6,1,0,3,1,0,1,0,2,0,0,0,0,0,1
426,Stembureau Sportzaal Borgerstraat,West,E19,1053 PE,1321,490,1,2,493,51,32,5,93,58,30,38,0,47,1,0,42,12,27,9,1,24,5,7,0,1,0,0,1,1,0,1,0,1,1,1,1,0
427,Stembureau Sportzaal Borgerstraat,West,E19,1053 PE,1321,491,0,1,492,45,28,7,101,62,35,32,1,52,0,0,46,11,30,4,0,26,3,4,1,0,0,0,2,0,0,0,0,1,0,0,0,0
428,Stembureau Sportzaal Borgerstraat,West,E19,1053 PE,1323,487,0,9,496,31,27,10,92,62,34,29,2,46,0,0,59,12,41,4,0,27,4,0,1,0,2,0,2,2,0,0,0,0,0,0,0,0
431,Stembureau Mentrum,West,E20,1054 BR,1438,1101,2,6,1109,177,40,22,334,112,45,88,6,84,4,0,15,36,36,13,2,76,3,3,1,1,1,0,0,0,1,1,0,0,0,0,0,0
436,Stembureau Wackersacademie,West,E21,1054 DZ,1322,1288,1,4,1293,185,30,30,417,132,61,90,6,114,4,1,4,51,25,17,1,108,0,3,2,0,2,0,1,3,0,1,0,0,0,0,0,0
438,Stembureau Sporthal Laan van Spartaan,West,E39,1061 MB,1253,524,1,2,527,56,8,8,126,60,14,26,3,24,0,0,105,7,18,2,0,39,24,1,1,0,0,1,0,0,0,0,0,0,1,0,0,0
441,Stembureau De Nieuwe Liefde,West,E17,1053 WP,1357,732,0,2,734,92,17,15,216,69,30,55,8,76,3,1,9,20,32,3,3,71,1,2,2,0,3,1,0,0,0,0,0,2,0,0,0,1
442,Stembureau De Nieuwe Liefde,West,E17,1053 WP,1356,783,10,1,794,112,19,14,222,98,30,51,5,89,5,3,14,24,21,6,1,62,3,0,0,0,3,0,0,0,0,0,0,0,0,0,0,1
444,Stembureau Philadelphia Zorg Amsterdam,West,E17,1053 DX,1235,831,1,6,838,125,33,17,203,84,39,58,5,64,3,2,16,21,65,9,2,68,2,7,3,0,2,2,0,0,0,0,0,0,0,1,0,0
446,Stembureau Theater de Cameleon,West,E21,1054 TS,1215,547,3,1,551,52,14,10,152,65,22,39,6,66,2,0,2,16,42,9,2,42,1,2,0,0,2,0,1,0,0,0,0,0,0,0,0,0
448,Stembureau De Tagerijn,West,E42,1057 VW,1181,1063,6,14,1083,101,32,15,281,128,42,48,7,72,2,1,99,29,79,11,1,79,21,5,0,0,6,0,0,0,0,0,0,2,1,0,1,0
449,Stembureau Coffee Company,West,E37,1055EK,1204,1160,6,9,1175,123,14,16,283,136,33,49,5,77,4,0,181,25,83,6,3,74,31,4,4,1,4,0,0,1,0,0,0,2,0,1,0,0
450,Stembureau De Boomkerk,West,E37,1055 NK,1190,614,3,6,623,51,20,7,165,82,21,37,15,58,1,0,45,12,31,2,1,49,8,2,0,1,3,1,0,1,0,1,0,0,0,0,0,0
451,Stembureau De Boomkerk,West,E37,1055 NK,1191,615,5,5,625,37,29,7,158,90,19,32,9,49,3,1,49,14,49,1,0,43,10,6,0,0,3,2,0,1,0,0,0,1,0,0,1,1
452,Stembureau T.C. Kattenlaan,West,E22,1054 KA,1412,697,1,1,699,90,12,24,224,94,26,42,3,61,1,0,1,16,22,13,0,61,1,0,0,0,6,0,0,0,0,0,0,0,0,0,0,0
453,Stembureau De Gymzaal,West,E40,1056 VB,1230,418,1,2,421,60,16,7,138,52,7,16,3,31,1,0,13,8,25,1,0,36,1,0,0,0,0,0,2,0,0,0,1,0,0,0,0,0
454,Stembureau Stichting Aminah,West,E39,1061 DH,1187,1027,2,18,1047,63,23,12,171,101,25,47,11,30,0,0,347,15,42,3,3,47,74,4,0,0,2,1,1,0,0,1,2,0,1,1,0,0
455,Stembureau Bartack,West,E42,1057 EH,1314,1283,1,3,1287,148,26,20,456,145,24,59,9,110,2,1,27,35,74,9,4,119,3,3,2,0,1,0,2,4,0,0,0,0,0,0,0,0
456,Stembureau Buurtsalon Jeltje,West,E20,1054EG,1323,673,0,0,673,94,7,17,205,83,22,38,6,74,5,1,6,8,30,2,3,66,0,1,0,1,1,0,2,0,0,1,0,0,0,0,0,0
457,Stembureau Bellamy Museum,West,E18,1053 BR,1201,863,2,1,866,88,19,13,210,115,36,65,1,99,1,1,36,24,59,5,0,68,5,4,1,0,7,1,1,0,0,1,0,0,2,0,1,0
458,Stembureau Poppy Agency,West,E16,1052 HR,1323,1205,2,7,1214,150,41,18,318,130,59,86,7,94,2,3,50,37,61,14,2,113,7,5,1,0,2,1,1,0,1,0,1,0,0,0,0,1
459,Stembureau Buurtkamer Corantijn,West,E43,1058DB,1311,660,0,1,661,92,22,14,198,76,28,23,5,56,4,1,4,17,32,8,3,60,7,4,0,1,3,1,0,0,0,0,0,0,0,0,0,1
462,Stembureau Gymzaal Corantijn,West,E43,1058 DA,1219,762,1,4,767,120,31,16,226,75,19,40,11,55,5,0,31,19,27,11,1,62,6,2,2,0,2,0,0,0,0,0,0,1,0,0,0,0
463,Stembureau Gymzaal Corantijn,West,E43,1058 DA,1231,746,4,2,752,105,17,13,252,92,26,39,7,47,7,0,26,21,18,2,2,57,4,4,1,0,4,0,0,0,0,1,0,1,0,0,0,0
466,Stembureau Sporthal Laan van Spartaan,West,E39,1061 MB,1253,517,3,2,522,62,8,9,126,60,15,36,4,24,1,0,65,6,28,6,2,28,25,2,3,0,3,1,1,0,1,0,0,0,0,1,0,0
468,Stembureau De Wending,West,E75,1057 XN,1259,973,1,7,981,108,34,13,265,111,29,58,7,56,3,3,123,32,46,4,1,52,18,5,0,0,1,0,0,1,0,1,0,1,0,1,0,0
469,Stembureau Openbare Bibliotheek Amsterdam,West,E42,1057 CA,1219,1032,2,6,1040,97,32,11,275,128,46,48,13,78,2,1,70,17,86,17,1,83,12,6,0,1,0,1,2,1,1,1,0,0,0,1,1,0
470,Stembureau Openbare Bibliotheek Amsterdam,West,E42,1057 CA,1218,1279,2,18,1299,109,51,18,307,188,70,63,10,93,3,0,107,30,84,8,1,90,20,5,5,1,9,2,0,1,0,1,1,0,0,0,2,0
471,Stembureau Rosa Boekdrukkerschool,West,E41,1056 DT,1505,1095,3,12,1110,94,36,26,242,161,49,64,9,90,3,0,109,26,83,10,3,51,21,8,0,2,3,1,0,0,0,0,0,2,2,0,0,0
474,Stembureau School De Roos,West,E40,1056 WB,1341,1361,0,6,1367,151,44,26,410,194,49,72,6,129,5,2,41,27,58,18,2,108,2,4,3,4,1,0,0,0,1,2,0,0,1,1,0,0
476,Stembureau J.J. Cremerplein,West,E21,1054TH,1203,1118,0,1,1119,182,32,23,352,100,47,72,4,86,2,0,12,23,61,7,3,97,3,6,2,1,2,0,0,0,0,0,1,0,0,0,0,0
477,Stembureau IBS Al Maes,West,E40,1056 TR,1485,671,1,4,676,69,28,14,181,73,14,29,6,45,0,2,93,10,28,6,1,37,25,3,0,0,2,0,0,0,1,0,2,0,2,0,0,0
479,Stembureau Het Sieraad,West,E75,1057 DT,1269,1376,1,6,1383,124,31,23,398,181,36,89,9,121,0,1,57,35,97,17,3,116,11,16,1,0,6,0,0,1,0,0,0,0,1,0,2,0
480,Stembureau Cultureel Centrum Meneer de Wit,West,E75,1057 HS,1297,618,0,1,619,51,16,14,190,70,18,34,4,52,1,1,45,14,45,5,1,49,3,4,0,0,0,0,0,0,0,0,0,0,0,1,0,0
482,Stembureau Buurthuis Jacob Maris,West,E42,1057 TX,1299,1013,0,8,1021,98,48,15,199,142,61,75,6,63,8,1,121,23,52,12,4,49,19,7,2,0,3,2,0,0,1,0,0,0,0,1,1,0
486,Stembureau Chassé Hotel,West,E75,1057JJ,1288,1322,2,4,1328,141,36,26,385,173,49,73,10,124,2,2,72,31,50,11,1,110,10,3,2,0,4,1,0,0,3,0,3,0,0,0,0,0
487,Stembureau Conscious Hotel,West,E21,1054 MB,1310,466,1,3,470,73,7,12,150,53,11,18,1,47,0,0,7,6,23,4,0,49,1,0,1,0,2,0,0,0,0,0,0,0,0,0,0,1
488,Stembureau Stadsloket West,West,E37,1055 EK,1237,957,3,9,969,86,22,19,170,107,38,30,6,45,1,2,249,29,49,5,4,50,36,1,1,0,4,0,0,1,0,0,0,1,1,0,0,0
489,Stembureau WPI Jan van Galen,West,E41,1056 CH,1224,307,1,0,308,24,6,4,93,37,9,12,0,15,0,0,52,14,11,1,0,17,8,0,0,0,1,0,0,0,0,1,0,0,2,0,0,0
495,Stembureau Pro Rege Basisschool,Nieuw-West,F85,1065 JX,1579,858,1,1,860,70,33,22,168,118,34,65,16,58,2,1,146,13,43,8,1,30,14,8,0,2,2,0,2,0,0,0,1,0,1,0,0,0
496,Stembureau Sporthal Calvijn,Nieuw-West,F89,1065 KH,1642,599,2,8,609,66,11,15,127,65,25,27,6,34,1,0,119,15,33,5,2,30,13,0,0,1,2,0,0,0,0,0,0,0,1,1,0,0
497,Stembureau Huis van de wijk Het Anker,Nieuw-West,F89,1065 DC,1574,618,2,3,623,58,27,9,151,81,30,38,13,36,2,1,42,11,47,6,2,38,19,5,1,0,0,0,0,0,0,0,1,0,0,0,0,0
503,Stembureau Hogeschool Ipabo,Nieuw-West,F86,1061 AD,1627,1675,2,18,1695,151,43,18,248,134,43,72,16,60,2,2,580,19,78,11,1,61,106,3,2,3,5,1,0,1,1,0,1,3,10,0,0,0
506,Stembureau Sporthal Calvijn,Nieuw-West,F89,1065 KH,1641,578,4,5,587,50,15,8,114,55,26,44,9,29,2,1,108,14,33,2,1,42,20,1,0,0,2,0,0,0,0,0,1,0,1,0,0,0
509,Stembureau Westcord Fashion Hotel Amsterdam,Nieuw-West,F87,1058 GB,1672,714,0,5,719,141,30,14,198,60,20,21,4,27,0,0,84,16,29,13,2,37,8,2,0,1,1,2,1,0,0,0,1,1,0,0,1,0
513,Stembureau R.K. Basisschool De Mijlpaal,Nieuw-West,F88,1066 PP,1522,1372,0,9,1381,189,128,52,247,118,92,129,24,52,9,2,105,52,38,40,1,47,24,7,2,1,4,1,1,0,1,0,1,2,1,1,0,1
521,Stembureau Regenbooggemeente,Nieuw-West,F89,1065 GJ,1633,913,3,5,921,91,51,19,165,99,55,66,39,45,3,8,102,23,51,18,1,47,18,4,0,2,1,0,0,0,0,1,4,0,0,0,0,0
525,Stembureau Leger des Heils De Kandelaar,Nieuw-West,F76,1063 BE,1584,1421,4,10,1435,128,96,25,170,127,76,93,15,75,2,1,413,31,57,18,1,41,32,9,0,0,3,1,1,1,1,0,0,1,1,2,0,0
536,Stembureau Gymzaal,Nieuw-West,F76,1063 JW,1532,772,0,4,776,51,35,4,91,58,40,41,19,19,1,1,290,36,32,2,0,12,24,3,1,0,3,2,0,0,0,1,0,0,5,1,0,0
540,Stembureau Sportzaal Jan de Louter,Nieuw-West,F77,1063 ME,1601,798,4,10,812,48,38,6,100,68,37,58,10,23,4,1,276,23,36,6,3,6,47,5,0,0,1,1,0,0,0,0,0,0,1,0,0,0
541,Stembureau Sportzaal Jan de Louter,Nieuw-West,F77,1063ME,1532,881,2,8,891,76,39,12,92,64,40,51,13,34,4,1,280,30,40,3,2,11,72,2,0,0,5,1,2,0,0,0,1,0,6,0,0,0
544,Stembureau SBO De Kans,Nieuw-West,F77,1064 NE,1626,1029,3,11,1043,67,70,11,107,62,57,66,18,36,4,0,362,22,52,14,3,17,50,2,0,1,1,0,2,0,1,1,1,1,1,0,0,0
550,Stembureau PlusPunt Eigenwijks Geuzenveld,Nieuw-West,F78,1067 DD,1496,1089,0,8,1097,96,75,36,113,61,53,61,17,43,4,1,359,39,49,9,2,6,50,1,2,1,1,2,0,1,0,2,1,0,3,0,1,0
551,Stembureau Oase/De Bron,Nieuw-West,F77,1064 ST,1600,780,3,4,787,55,49,24,124,85,45,51,29,29,4,2,156,21,40,6,1,30,17,2,0,0,2,0,0,1,0,2,1,1,1,0,1,1
564,Stembureau Gymzaal,Nieuw-West,F89,1066AZ,1530,592,6,5,603,59,13,5,99,52,26,43,2,16,2,1,160,8,21,2,2,27,48,1,1,0,1,2,1,0,0,0,0,0,0,0,0,0
565,Stembureau Calandhal,Nieuw-West,F81,1068 RR,1533,605,0,2,607,67,55,18,95,41,31,44,10,29,8,0,91,24,27,12,5,24,16,1,2,0,2,0,0,0,3,0,0,0,0,0,0,0
566,Stembureau Time-Out Sportcafé,Nieuw-West,F80,1067 SM,1469,242,1,3,246,42,36,6,33,15,8,15,1,11,3,2,30,11,3,7,0,8,4,0,0,3,0,3,0,0,0,0,0,0,1,0,0,0
568,Stembureau Sportpark Sloten (Turnace),Nieuw-West,F88,1066 CC,1491,330,0,0,330,75,21,12,72,37,8,29,3,17,1,0,11,13,9,5,0,9,4,3,0,0,0,0,1,0,0,0,0,0,0,0,0,0
569,Stembureau Huis van de Wijk België,Nieuw-West,F88,1066 SB,1506,1543,7,7,1557,231,162,50,311,107,85,136,16,79,12,2,115,35,54,37,5,48,33,4,1,3,7,2,4,0,0,0,3,0,1,0,0,0
570,Stembureau UWV Beatrix Toren 5,Nieuw-West,F87,1062 EA,1520,799,2,5,806,99,21,13,219,106,16,39,8,54,3,0,43,27,38,5,1,87,13,2,0,0,4,0,0,0,0,0,0,0,1,0,0,0
571,Stembureau Van Eesteren Paviljoen - Museum,Nieuw-West,F77,1064 GV,1600,1476,4,2,1482,118,75,19,297,184,88,104,17,110,4,4,201,34,73,15,5,62,41,6,0,1,8,0,1,3,0,0,5,0,0,0,0,1
572,Stembureau B. Amsterdam,Nieuw-West,F88,1066VH,1633,280,2,0,282,53,7,9,86,23,4,15,1,19,2,0,4,3,9,10,3,26,2,3,0,0,0,0,0,0,0,0,1,0,0,0,0,0
573,Stembureau B. Amsterdam,Nieuw-West,F88,1066VH,1650,278,0,0,278,50,8,12,96,23,3,13,1,23,1,0,3,3,10,8,0,22,0,1,0,0,0,0,0,0,0,0,1,0,0,0,0,0
574,Stembureau Tuin van Sloten,Nieuw-West,F88,1066CW,1574,488,0,2,490,110,47,9,123,34,16,31,5,34,4,0,11,5,7,12,1,29,2,3,0,0,1,1,0,0,0,0,0,0,1,1,0,1
575,Stembureau Stichting Argan,Nieuw-West,F86,1062 BM,1557,774,1,6,781,50,17,9,130,78,29,45,14,35,1,0,242,16,28,13,1,18,34,4,1,4,1,0,0,0,1,0,0,0,2,0,0,1
576,Stembureau Corendon City Hotel Amsterdam,Nieuw-West,F89,1066 BP,1521,721,0,4,725,86,21,15,142,71,22,39,9,47,3,0,109,23,53,14,1,32,23,7,1,0,1,0,1,0,0,0,0,1,0,0,0,0
577,Stembureau FNV Vakbondshuis,Nieuw-West,F86,1062 DB,1536,781,1,5,787,61,25,13,154,74,35,35,3,38,4,0,188,11,55,6,5,34,28,3,0,0,8,0,0,0,0,1,0,0,0,0,0,0
578,Stembureau Huis van de Wijk De Buurtzaak,Nieuw-West,F86,1062 DK,1536,1011,6,2,1019,97,22,20,235,132,32,63,15,45,0,2,128,15,66,14,0,75,38,3,1,0,3,1,1,0,0,0,0,0,2,0,1,0
579,Stembureau Huis van de Wijk 't Blommetje,Nieuw-West,F81,1068 ML,1559,595,4,6,605,48,44,14,64,36,29,20,6,13,2,0,201,26,34,5,0,4,36,3,0,0,0,0,0,0,1,0,7,2,0,0,0,0
581,Stembureau Stadsboerderij Osdorp,Nieuw-West,F82,1069 XT,1600,1095,2,17,1114,104,69,18,152,72,29,48,16,54,6,2,304,36,66,10,7,27,59,3,0,1,0,4,0,0,0,0,3,0,2,0,1,2
582,Stembureau Culturele Stichting Konya,Nieuw-West,F78,1067 CE,1520,1046,0,8,1054,48,40,10,85,57,41,39,6,24,1,2,524,27,28,5,1,10,75,3,1,2,0,0,1,1,0,0,0,0,14,0,1,0
583,Stembureau Nieuw-Apostolische Kerk,Nieuw-West,F81,1068 KK,1562,459,0,1,460,59,52,12,85,43,25,25,10,30,5,0,42,15,16,6,2,19,3,3,1,1,0,0,0,0,0,0,4,0,0,1,0,0
584,Stembureau CVZ Slotervaart,Nieuw-West,F89,1066 EC,1562,637,2,2,641,83,31,14,126,64,22,49,9,46,2,1,53,20,53,6,0,44,4,3,0,0,1,0,0,0,0,1,2,1,0,2,0,0
585,Stembureau KWF,Nieuw-West,F87,1062 EA,1584,1654,5,8,1667,208,53,30,423,161,73,94,23,83,9,3,157,59,83,18,8,119,28,5,1,3,5,0,2,1,1,2,1,0,1,0,0,0
586,Stembureau Tent Ecuplein,Nieuw-West,F84,1060 RN,1593,1703,2,4,1709,304,160,66,286,74,82,124,26,56,12,0,246,39,67,46,8,29,61,3,0,2,2,2,1,1,0,0,3,1,1,0,1,0
587,Stembureau Tent Ecuplein,Nieuw-West,F84,1060 RN,1601,1917,4,8,1929,372,167,50,335,121,116,131,31,68,18,6,181,71,73,54,6,56,35,6,5,1,6,2,0,0,1,1,2,1,1,0,0,0
588,Stembureau Tent Diepenbeekplantsoen,Nieuw-West,F88,1066 KK,1554,812,1,1,814,129,91,32,161,51,45,65,14,43,9,0,29,30,36,15,1,21,21,5,0,1,4,3,3,0,1,0,2,0,0,0,0,0
589,Stembureau Tent Diepenbeekplantsoen,Nieuw-West,F88,1066 KK,1561,773,1,3,777,122,90,26,162,40,39,80,7,35,7,0,42,29,25,32,2,13,12,4,0,0,0,0,0,0,1,0,3,0,2,0,0,0
590,Stembureau Tent Oostoever (Kröller-Müllerpark),Nieuw-West,F85,1064 PN,1564,1059,4,5,1068,124,59,35,247,103,77,121,22,47,8,1,62,19,41,13,1,51,10,4,0,1,8,0,1,2,0,0,1,0,1,0,0,0
591,Stembureau Tent Schoolpein ‘t Koggeschip,Nieuw-West,F78,1067 DE,1530,1166,9,10,1185,99,61,28,117,72,50,50,13,27,3,0,438,39,40,9,0,24,82,2,0,4,1,1,0,0,2,0,1,0,3,0,0,0
592,Stembureau Tent Lambertus Zijlplein,Nieuw-West,F78,1067 JS,1536,1366,8,10,1384,110,116,16,131,90,76,111,10,40,9,3,444,33,64,11,0,20,59,4,0,1,3,0,2,1,0,2,8,1,1,0,0,0
593,Stembureau Tent Lambertus Zijlplein,Nieuw-West,F78,1067 JS,1544,1079,5,11,1095,93,84,24,110,67,51,57,10,39,10,1,327,43,55,15,1,21,50,5,2,0,3,0,4,0,0,2,0,0,5,0,0,0
594,Stembureau Tent Comenius,Nieuw-West,F85,1065 VT,1597,460,2,7,469,23,23,9,52,25,17,38,5,22,0,0,161,15,28,1,2,12,20,1,1,1,2,0,1,0,0,0,0,0,1,0,0,0
595,Stembureau Tent Comenius,Nieuw-West,F85,1065 VT,1576,341,2,6,349,24,34,5,43,25,21,18,2,15,1,0,95,7,23,3,0,6,10,1,0,1,1,0,0,2,1,1,0,1,0,1,0,0
596,Stembureau Zaalverhuur de Diamant,Nieuw-West,F88,1066 EW,1550,426,3,2,431,82,25,16,80,29,15,33,2,14,2,0,38,34,10,12,3,16,7,3,1,1,0,1,0,0,0,0,0,0,0,2,0,0
597,Stembureau De Serre,Nieuw-West,F82,1069 KB,1550,672,5,4,681,86,43,21,120,47,43,42,9,22,2,4,129,26,18,9,3,15,21,1,1,0,3,1,0,0,0,1,0,0,4,0,1,0
598,Stembureau De Serre,Nieuw-West,F82,1069 KB,1596,642,1,4,647,89,52,14,99,43,34,34,18,30,7,2,108,25,41,6,2,6,24,2,0,1,1,1,0,0,0,0,0,3,0,0,0,0
599,Stembureau DUO,Nieuw-West,F89,1066AZ,1609,507,1,3,511,42,24,6,75,43,29,32,11,34,1,3,99,16,31,7,0,11,38,1,0,0,2,0,0,1,0,0,1,0,0,0,0,0
600,Stembureau Stadsloket Amsterdam-Noord,Noord,N69,1025 XL,1192,1094,6,14,1114,104,71,15,186,142,73,73,16,61,3,0,106,44,113,9,3,39,11,7,2,2,5,0,0,0,1,0,2,1,3,1,1,0
603,Stembureau Het Tolhuis,Noord,N60,1031 CC,1467,877,3,3,883,69,31,9,215,126,31,51,18,83,3,2,43,25,69,13,2,59,7,6,2,1,0,1,1,0,2,1,0,2,0,2,1,2
605,Stembureau Wijkgebouw Schellingwoude,Noord,N73,1023 NX,1255,468,1,3,472,63,18,9,119,69,17,30,1,60,4,0,1,8,12,5,1,44,0,2,1,0,3,1,0,0,0,0,0,0,0,0,0,0
607,Stembureau OBS De Driemaster,Noord,N70,1034 SG,1373,721,3,1,725,68,76,15,108,58,47,68,16,24,3,4,90,21,54,8,3,23,22,4,0,2,1,2,0,0,0,2,2,0,0,0,0,0
610,Stembureau Het Zwanenmeer,Noord,N68,1024 BE,1237,1060,5,14,1079,139,119,21,144,63,62,81,23,54,14,5,143,45,51,27,0,20,18,4,1,3,6,8,1,0,0,2,2,0,1,3,0,0
611,Stembureau Museum Amsterdam Noord,Noord,N61,1022 AD,1245,868,0,1,869,51,51,14,189,127,52,51,8,122,1,2,26,25,64,3,3,52,8,10,0,3,3,2,1,0,0,0,0,0,0,0,0,0
612,Stembureau Middelbare School Hogelant,Noord,N68,1024 VK,1237,821,1,7,829,82,58,15,103,58,48,42,11,28,7,1,167,36,71,12,1,9,49,6,1,4,2,4,0,1,0,0,4,1,0,0,0,0
613,Stembureau Speeltuinvereniging Nieuwendam,Noord,N62,1023 EL,1368,406,3,3,412,29,76,7,72,39,31,23,2,49,4,0,9,12,16,9,1,18,0,2,0,0,1,2,0,1,0,0,1,1,0,1,0,0
614,Stembureau Protestantse Gemeente Nieuwendam,Noord,N62,1023 BH,1284,516,2,0,518,42,58,11,121,66,28,39,4,56,4,0,7,22,18,4,2,27,1,0,1,2,1,1,0,0,0,0,1,0,0,0,0,0
615,Stembureau Gymzaal Buikslotermeerschool,Noord,N69,1025 PZ,1267,752,4,5,761,69,49,16,105,83,37,78,20,32,7,2,92,33,60,8,1,20,21,2,1,1,4,2,1,0,3,1,0,0,4,0,0,0
618,Stembureau ROC-TOP,Noord,N71,1033 SB,1281,729,1,1,731,69,7,10,182,129,18,27,8,62,2,0,22,21,75,6,0,73,7,7,0,1,2,0,0,0,0,0,1,0,0,0,0,0
619,Stembureau Buurtcentrum de Driehoek,Noord,N63,1025 PX,1364,1064,6,8,1078,84,189,23,136,118,84,100,11,87,7,1,32,68,45,15,4,35,1,8,1,0,5,3,0,2,0,0,2,0,1,0,0,2
624,Stembureau Buurtcentrum De Meeuw,Noord,N61,1021 PH,1411,1082,3,15,1100,94,99,16,140,108,63,76,14,74,12,2,143,43,113,4,3,25,34,4,1,0,8,1,1,0,0,3,0,0,1,0,0,0
625,Stembureau Tolhuistuin,Noord,N60,1031 KT,1318,1007,0,3,1010,77,15,16,303,162,25,45,6,94,3,0,5,17,130,9,3,89,0,3,0,1,1,0,0,0,0,0,0,0,0,1,0,2
629,Stembureau Buurtcentrum De Valk,Noord,N61,1021 LA,1356,691,1,5,697,46,63,7,91,74,43,45,7,49,5,1,102,20,55,5,2,44,26,2,0,0,1,1,0,1,0,0,0,0,1,0,0,0
636,Stembureau Huis van de Wijk,Noord,N70,1034 CR,1419,1247,3,19,1269,109,90,16,156,101,87,72,30,51,4,2,268,47,107,17,5,27,36,7,0,1,3,2,1,1,0,1,2,1,1,1,1,0
637,Stembureau Senioren-flat de Wasknijper,Noord,N74,1025 MZ,1320,1018,4,9,1031,153,55,24,237,93,70,68,19,60,5,0,73,36,52,12,1,41,7,1,1,0,0,1,1,1,0,3,1,2,0,1,0,0
640,Stembureau OBA Molenwijk,Noord,N66,1035 EG,1266,1371,3,2,1376,191,142,34,238,123,95,103,17,73,12,5,63,84,73,34,9,40,9,2,1,4,9,1,0,1,1,0,5,2,0,0,0,0
642,Stembureau Tent Cordaan De Werf P1,Noord,N65,1033 PK,1480,868,2,6,876,108,120,18,105,72,71,55,12,69,15,1,64,47,39,24,5,18,14,2,0,0,1,0,0,2,0,2,0,2,0,0,1,1
646,Stembureau Hotel NH Amsterdam Noord,Noord,N60,1031 XP,1267,700,0,5,705,53,71,8,125,71,51,31,14,67,4,1,74,35,46,6,2,22,10,5,0,0,1,0,0,1,1,0,0,0,0,1,0,0
649,Stembureau Grand Café Noorderpark,Noord,N60,1032 VS,1163,659,1,4,664,45,121,5,117,86,29,42,1,53,6,0,24,33,52,6,2,28,0,2,1,1,1,2,0,0,0,0,0,1,0,0,1,0
650,Stembureau Buurtcentrum De Evenaar,Noord,N65,1033 BE,1285,921,13,2,936,100,199,26,94,66,78,56,15,60,14,3,32,64,22,22,11,32,5,4,3,3,4,3,1,1,0,0,2,0,0,1,0,0
654,Stembureau Gymzaal De Krijtmolen,Noord,N66,1035 EE,1391,926,3,13,942,128,98,29,135,70,82,68,5,45,14,0,73,38,48,22,6,32,10,3,2,0,9,1,1,1,0,0,0,2,0,0,1,3
657,Stembureau De Kerk Ransdorp,Noord,N73,1028 BL,858,680,1,1,682,115,39,33,159,65,17,56,11,68,0,1,0,12,14,18,0,39,0,3,0,0,3,25,0,0,0,0,0,0,0,1,1,0
659,Stembureau Stichting !WOON team noord,Noord,N69,1025 BH,1325,762,1,9,772,88,64,35,80,56,57,48,13,37,5,0,152,25,48,15,2,12,19,1,1,0,0,0,1,0,0,0,1,0,0,0,2,0
660,Stembureau Antoniushuis,Noord,N60,1032 HM,1336,346,0,0,346,34,77,13,45,23,26,13,4,20,4,0,26,20,12,7,0,12,4,2,0,0,0,2,0,0,0,0,1,1,0,0,0,0
663,Stembureau Buiksloterkerk,Noord,N70,1034 VZ,1202,1392,1,2,1395,120,145,34,324,214,54,146,16,107,14,21,59,44,0,3,1,70,10,4,0,1,4,0,1,0,0,0,0,0,0,0,0,0
665,Stembureau Gymzaal IKC Noordrijk,Noord,N65,1036 LD,1329,1114,2,6,1122,105,47,16,263,162,27,70,16,67,4,0,126,40,62,17,6,60,15,3,0,3,4,1,0,0,0,0,0,0,0,0,0,0
666,Stembureau Gymzaal de IJsbreker,Noord,N71,1031 HT,1389,743,5,1,749,43,36,9,189,100,21,35,6,81,2,0,67,13,65,5,0,50,10,3,0,0,4,1,0,1,0,0,1,0,0,0,1,0
669,Stembureau OBA Waterlandplein,Noord,N68,1024 NB,1436,1339,7,14,1360,138,88,26,174,96,57,91,25,45,4,1,342,42,88,12,2,29,58,3,1,1,5,1,0,1,0,0,3,3,1,1,0,1
676,Stembureau Gereformeerde Gemeente Amsterdam,Noord,N66,1033 AC,1335,478,1,2,481,59,94,14,54,28,44,27,2,32,9,1,13,30,17,22,5,15,2,2,0,1,5,0,0,0,0,0,1,0,1,0,0,0
677,Stembureau Gymzaal Boven 't IJ Montessorischool,Noord,N69,1025 DD,1298,643,0,3,646,95,59,13,108,63,31,44,17,42,6,1,62,29,32,12,2,15,2,3,0,2,0,3,0,1,0,0,0,0,0,1,0,0
678,Stembureau Bunk Hotel,Noord,N60,1031 BV,1351,1011,1,6,1018,70,85,10,154,125,54,74,9,82,2,1,117,30,97,6,3,56,16,6,1,0,6,0,1,0,1,0,1,2,2,0,0,0
679,Stembureau Euroscoop,Noord,N69,1025 XL,1172,1111,4,7,1122,138,45,33,203,140,52,59,14,90,6,2,48,44,106,16,5,71,6,8,0,0,12,5,2,0,1,1,1,2,0,1,0,0
680,Stembureau Credo Church,Noord,N65,1033 BW,1288,331,0,1,332,40,68,6,50,32,12,13,3,17,4,2,11,33,6,7,2,14,2,2,1,0,2,1,0,0,0,2,0,1,0,0,0,0
681,Stembureau Het Zonnehuis,Noord,N65,1033 EJ,1239,1324,11,3,1338,104,225,19,194,182,83,71,11,119,15,1,52,73,64,23,6,54,7,13,0,3,4,0,0,0,0,0,1,0,0,0,0,0
682,Stembureau STAXI,Noord,N69,1025 AZ,1301,236,2,2,240,37,14,6,28,18,13,18,1,15,1,0,31,8,15,6,0,8,13,2,1,1,0,0,0,0,0,0,0,0,0,0,0,0
683,Stembureau Stichting Bildung,Noord,N68,1024 JR,1241,470,1,3,474,46,18,9,66,42,15,27,6,16,1,0,113,18,47,4,0,13,19,2,1,1,0,1,2,0,1,1,0,1,0,0,0,0
684,Stembureau Stichting Bildung,Noord,N68,1024 JR,1242,458,1,4,463,30,20,11,65,37,11,31,10,15,4,1,133,12,39,4,3,10,18,2,0,0,0,0,0,0,0,0,0,1,1,0,0,0
685,Stembureau ROC-TOP,Noord,N71,1033 SB,1282,705,1,6,712,57,6,9,199,117,15,35,3,54,1,0,21,24,72,9,6,61,6,3,1,2,2,0,1,0,0,0,1,0,0,0,0,0
686,Stembureau Studio 150 Bethlehemkerk,Noord,N61,1021 CM,1243,732,1,7,740,33,34,6,108,113,34,56,4,89,2,2,78,19,105,6,0,30,6,1,0,0,3,1,1,0,0,0,0,1,0,0,0,0
687,Stembureau Antoniushuis,Noord,N60,1032 HM,1336,339,0,2,341,29,86,9,41,24,25,21,3,14,2,0,19,18,22,12,1,8,0,0,0,1,1,1,0,0,0,0,2,0,0,0,0,0
688,Stembureau Stichting Buurtkamer Kadoelen,Noord,N67,1035 SB,1226,638,0,3,641,87,82,14,137,44,48,49,6,38,10,1,21,31,8,22,7,16,9,1,0,0,2,2,0,0,0,1,1,0,0,1,0,0
689,Stembureau Stichting Buurtkamer Kadoelen,Noord,N67,1035 SB,1226,641,1,2,644,75,107,21,122,48,41,36,10,57,10,1,12,24,16,23,2,17,2,3,0,1,6,3,1,0,1,0,2,0,0,0,0,0
690,Stembureau Het Apostolisch Genootschap,Noord,N60,1032 GB,1257,502,1,3,506,18,61,11,77,83,41,31,5,43,3,1,32,23,39,2,2,12,4,6,0,1,2,0,0,2,0,0,0,1,0,0,0,2
691,Stembureau Gymzaal De Krijtmolen,Noord,N66,1035 EE,1391,876,1,5,882,142,93,25,127,62,72,65,16,42,17,0,54,50,35,22,5,23,2,11,0,0,5,5,0,1,0,0,0,0,0,0,1,1
692,Stembureau Gymzaal De Capelle,Noord,N69,1025 KN,1238,306,1,2,309,39,40,6,59,25,18,32,5,21,1,0,11,15,13,3,1,6,3,4,0,0,0,2,0,0,0,1,1,0,0,0,0,0
693,Stembureau Anda Boxing Club,Noord,N71,1032 LE,1410,319,0,1,320,15,4,8,108,51,5,14,3,41,0,1,3,2,34,3,0,22,2,1,0,0,0,0,0,0,0,0,2,0,0,0,0,0
694,Stembureau De Rietwijker,Noord,N70,1034 PX,1342,983,2,10,995,84,110,24,82,76,62,56,18,34,9,0,240,53,47,10,3,15,40,3,0,1,1,1,2,1,0,0,1,1,9,0,0,0
695,Stembureau Speeltuinvereniging Nieuwendam,Noord,N62,1023 EL,1368,511,1,4,516,48,82,12,80,55,43,40,6,40,3,1,5,26,21,8,3,23,0,1,0,1,6,0,0,1,1,3,2,0,0,0,0,0
696,Stembureau Protestantse Gemeente Nieuwendam,Noord,N62,1023 BH,1285,492,0,1,493,46,40,15,113,52,31,42,7,59,3,4,11,11,22,6,0,26,0,0,0,0,1,2,0,0,0,0,0,0,0,0,1,0
697,Stembureau Tent Frambozenstraat,Noord,N65,1033 SX,1265,520,1,3,524,70,106,6,54,43,40,34,2,41,11,0,31,32,18,9,3,8,1,6,0,1,0,1,0,0,0,0,2,1,0,0,0,0
698,Stembureau Xplore,Noord,N70,1034XZ,1200,460,1,5,466,52,26,13,75,43,27,28,15,26,5,1,61,14,35,5,3,14,12,0,0,0,0,1,1,0,0,2,0,0,1,0,0,0
701,Stembureau Stadsloket Zuidoost,Zuidoost,T93,1102 CW,1443,1254,3,26,1283,122,56,23,159,106,71,109,95,40,7,2,108,44,238,9,2,22,14,4,2,1,4,0,1,1,2,5,1,4,1,1,0,0
704,Stembureau Buurthuis Holendrecht,Zuidoost,T96,1106 LP,1395,832,6,16,854,69,51,10,72,92,68,70,66,30,3,6,66,17,170,6,1,7,9,3,1,2,2,0,1,1,0,3,2,3,0,0,0,1
711,Stembureau Gymzaal Geerdinkhof,Zuidoost,T94,1103 RP,1414,1086,2,5,1093,140,63,35,215,107,51,109,25,60,4,1,52,27,116,13,2,38,8,6,0,0,2,2,2,1,1,0,2,1,1,1,1,0
712,Stembureau Buurthuis Gein,Zuidoost,T97,1107 NB,1606,1185,4,16,1205,119,83,19,142,96,102,100,77,73,11,4,41,73,165,9,2,28,9,5,2,3,5,1,2,0,1,4,3,5,0,1,0,0
714,Stembureau Gymzaal Woudrichemstraat,Zuidoost,T97,1107 NG,1641,658,2,3,663,75,59,12,68,54,58,63,33,42,7,3,31,43,71,11,0,11,3,4,0,1,0,3,3,0,0,2,0,1,0,0,0,0
718,Stembureau Cultureel Centrum NoLimit,Zuidoost,T94,1103 BG,1372,735,4,17,756,51,38,15,72,62,54,57,69,31,1,1,50,37,162,4,4,13,7,3,0,0,0,0,0,1,0,0,1,2,0,0,0,0
719,Stembureau Gymzaal Kortvoort,Zuidoost,T94,1104 KW,1365,507,1,12,520,42,13,6,45,38,32,34,32,17,2,1,58,22,128,5,2,7,6,4,2,0,0,1,0,1,0,2,1,6,0,0,0,0
720,Stembureau De Groene Hub,Zuidoost,T96,1106LP,1467,659,1,16,676,53,31,16,82,74,42,48,55,15,3,0,38,20,130,11,3,20,5,2,0,1,0,2,0,0,0,1,0,6,0,0,1,0
721,Stembureau Gymzaal Holendrechtplein,Zuidoost,T96,1106 LP,1470,273,0,7,280,21,16,3,17,22,14,32,23,7,0,4,22,11,68,2,0,3,2,0,0,0,0,0,0,0,1,3,1,0,0,1,0,0
722,Stembureau School Het Gein,Zuidoost,T97,1106 ZG,1446,1058,2,3,1063,160,83,26,181,81,100,112,38,75,18,4,16,29,58,22,4,28,2,2,1,1,8,1,0,1,0,0,4,2,0,1,0,0
724,Stembureau Gymzaal Alexander Dumaslaan,Zuidoost,T93,1102 WD,1593,1395,4,17,1416,97,68,29,146,97,93,108,143,38,4,6,102,44,316,9,4,41,11,8,2,3,2,1,0,0,0,2,0,11,0,9,1,0
732,Stembureau Buurthuis Bonte Kraai,Zuidoost,T94,1104 CD,1418,1289,4,26,1319,116,53,20,168,109,49,85,133,44,5,3,112,39,271,6,3,25,21,9,1,0,1,0,3,1,0,2,1,5,3,0,1,0
738,Stembureau Matchzo,Zuidoost,T98,1109 BR,1363,962,0,3,965,231,123,44,137,56,60,54,9,75,13,0,9,61,18,27,3,21,2,2,1,1,7,1,2,1,1,0,3,0,0,0,0,0
739,Stembureau Gymzaal Kantershof,Zuidoost,T94,1104 HJ,1472,740,0,5,745,48,37,18,91,70,52,47,50,30,9,0,50,32,136,5,1,14,26,5,1,0,3,1,0,0,1,3,2,5,2,0,0,1
740,Stembureau Open Schoolgemeenschap Bijlmer,Zuidoost,T94,1103 BE,1551,800,4,4,808,78,47,15,94,81,45,37,40,25,3,5,66,26,180,4,1,26,8,9,1,1,1,0,0,0,1,2,0,4,0,0,0,0
742,Stembureau Gymzaal EGoli,Zuidoost,T94,1103 AC,1473,610,1,4,615,52,17,8,81,57,38,31,48,19,2,5,72,16,120,6,1,14,16,0,2,1,0,0,1,0,0,0,0,3,0,0,0,0
749,Stembureau Pathé Arena,Zuidoost,T92,1101 DS,1505,1120,2,8,1130,111,41,24,253,122,49,59,30,55,0,3,45,49,170,17,4,51,5,14,2,5,5,2,0,1,0,1,2,0,0,0,0,0
753,Stembureau Wijkcentrum Ala Kondre,Zuidoost,T94,1104 PH,1403,519,2,8,529,45,23,5,46,38,33,42,51,18,0,2,37,15,122,6,1,13,5,4,1,1,0,0,2,1,0,1,0,7,0,0,0,0
754,Stembureau Gymzaal Mijehof,Zuidoost,T96,1106 HW,1429,834,1,3,838,90,55,24,91,72,57,72,37,41,3,3,50,42,135,8,4,22,9,4,1,1,4,1,0,3,0,1,1,2,0,1,0,0
755,Stembureau OBS Nellestein,Zuidoost,T95,1108 EL,1441,1023,2,4,1029,129,64,41,149,90,73,103,34,91,5,3,22,48,71,23,7,35,5,10,1,6,0,3,0,0,1,6,1,1,0,0,1,0
756,Stembureau OBA Bijlmerplein/Imagine IC,Zuidoost,T93,1102 DK,1444,1032,1,9,1042,91,33,22,167,105,58,64,47,46,5,1,71,35,202,5,1,39,9,10,0,5,3,0,1,1,0,2,1,7,1,0,0,0
757,Stembureau Gymzaal Reigersbos,Zuidoost,T96,1107 EZ,1447,755,6,8,769,87,48,19,106,79,72,66,36,33,2,1,51,24,77,8,1,21,1,4,0,2,4,3,1,4,1,0,1,3,0,0,0,0
758,Stembureau Gymzaal Reigersbos,Zuidoost,T96,1107 EZ,1447,766,3,10,779,83,40,15,105,62,82,61,36,33,5,0,52,34,99,8,2,15,6,4,0,2,2,2,1,2,0,2,3,7,0,3,0,0
761,Stembureau Gymzaal Vreeswijkpad,Zuidoost,T97,1106 DV,1445,180,1,0,181,14,5,2,24,18,14,13,7,9,2,0,13,12,31,1,0,3,3,1,0,1,1,0,0,1,0,1,0,2,0,1,0,1
762,Stembureau Basisschool Shri Laksmi,Zuidoost,T93,1102 JR,1373,1082,0,7,1089,109,50,22,133,123,70,66,39,25,1,4,105,26,221,6,3,40,8,10,0,3,3,0,2,0,0,6,0,5,0,0,1,1
763,Stembureau De Kazerne,Zuidoost,T96,1106 AK,1521,666,1,5,672,45,37,13,101,51,47,44,26,33,6,4,29,25,171,6,1,12,4,2,1,2,2,0,0,0,0,0,1,3,0,0,0,0
765,Stembureau Sporthal Gaasperdam,Zuidoost,T96,1106 AW,1425,794,3,3,800,95,45,30,109,44,82,78,33,42,9,4,19,38,115,6,2,14,12,0,1,0,1,2,2,0,0,4,2,4,0,0,0,1
766,Stembureau Ir. Lely Lyceum,Zuidoost,T96,1106 AW,1402,654,2,12,668,60,26,10,94,44,37,53,49,39,6,3,50,27,98,4,0,24,5,3,3,2,2,0,0,2,0,2,3,6,0,0,2,0
767,Stembureau Gymzaal Huntum,Zuidoost,T93,1102 JA,1689,537,4,7,548,45,20,9,49,39,28,36,56,19,4,3,40,10,136,3,1,11,7,4,0,0,1,0,1,0,0,2,0,12,1,0,0,0
771,Stembureau Cultureel Centrum NoLimit,Zuidoost,T94,1103 BG,1339,968,7,26,1001,80,37,17,105,82,47,71,118,33,10,0,73,26,213,4,4,26,3,5,0,1,3,2,0,1,0,1,2,3,0,0,1,0
772,Stembureau PHW Zaalverhuur,Zuidoost,T92,1105 BJ,1197,209,0,0,209,24,2,6,65,25,5,7,9,13,1,0,9,7,10,5,0,13,0,3,0,2,0,0,1,0,2,0,0,0,0,0,0,0
773,Stembureau Kerkcentrum De Nieuwe Stad,Zuidoost,T94,1103 TR,1524,520,4,4,528,39,15,8,46,34,48,39,34,14,3,3,45,17,141,2,1,10,6,4,2,0,0,1,0,0,1,2,0,2,3,0,0,0
774,Stembureau Gymzaal Woudrichemstraat,Zuidoost,T97,1107 NG,1641,675,2,4,681,85,65,12,77,47,68,58,35,36,7,1,25,31,81,7,2,16,2,9,0,0,4,0,0,1,0,2,1,3,0,0,0,0
775,Stembureau Gymzaal Vreeswijkpad,Zuidoost,T97,1106 DV,1445,192,0,0,192,22,12,6,21,12,9,18,13,5,3,0,13,11,33,2,4,6,0,2,0,0,0,0,0,0,0,0,0,0,0,0,0,0
776,Stembureau Wijkcentrum Kormelink,Zuidoost,T94,1104 NP,1575,381,0,10,391,19,29,5,29,26,33,41,38,9,2,2,27,9,94,0,1,5,0,1,0,0,1,2,0,1,0,3,2,2,0,0,0,0
777,Stembureau IamJong,Zuidoost,T93,1102 CP,1575,669,2,8,679,51,30,8,61,53,34,46,41,26,2,1,66,25,191,2,2,7,7,2,2,0,1,3,1,0,0,4,1,2,0,0,0,0
778,Stembureau Gymzaal Kantershof,Zuidoost,T94,1104 HJ,1471,695,2,6,703,61,42,10,77,57,34,47,56,28,4,3,60,32,130,9,2,13,18,8,0,1,0,0,0,0,0,3,0,0,0,0,0,0
779,Stembureau Gymzaal EGoli,Zuidoost,T94,1103 AC,1472,614,4,5,623,64,21,14,88,56,18,29,36,24,4,2,73,26,106,7,3,15,14,3,1,2,3,0,0,0,0,1,2,0,1,1,0,0
780,Stembureau Gymzaal Huntum,Zuidoost,T93,1102 JA,1575,537,1,8,546,48,32,11,55,39,21,67,75,15,1,2,38,12,85,2,3,8,11,2,0,1,1,0,0,0,0,0,0,6,0,0,2,0
781,Stembureau PHW Zaalverhuur,Zuidoost,T92,1105 BJ,1213,235,2,1,238,30,7,3,58,38,5,16,5,8,0,0,10,10,16,4,1,16,3,3,0,0,2,0,0,0,0,0,0,0,0,0,0,0
782,Stembureau Planetarium Meeting Center Amsterdam,Zuidoost,T95,1108JA,1575,404,1,3,408,30,24,7,90,32,22,33,8,37,1,0,14,19,41,11,3,20,2,6,3,0,1,0,0,0,0,0,0,0,0,0,0,0
801,Stembureau Stadhuis,Centrum,A04,1011 PN,0,570,1,0,571,63,30,15,100,53,51,100,5,54,3,3,7,19,15,8,1,28,3,2,0,2,0,0,3,0,1,0,0,0,0,1,1,2
802,Stembureau Het Claverhuis,Centrum,A06,1016 TX,0,662,1,0,663,78,38,22,150,59,57,90,7,70,2,1,1,21,9,9,0,42,0,2,0,1,1,0,1,1,0,0,0,0,0,0,0,0
803,Stembureau Kerk De Duif,Centrum,A07,1017 LD,0,654,1,2,657,126,21,28,169,55,25,86,5,54,2,0,1,12,7,6,0,52,0,0,0,0,0,0,2,1,0,1,0,0,0,0,1,0
804,Stembureau De Beurs van Berlage,Centrum,A00,1012 SJ,0,307,1,0,308,34,13,7,78,36,23,41,2,34,1,0,5,5,6,3,0,17,0,2,0,0,0,0,0,0,0,0,0,0,0,0,0,0
805,Stembureau De Roode Bioscoop,Centrum,A05,1013 HP,0,817,2,2,821,90,48,14,158,74,77,141,8,103,2,0,1,6,20,13,2,44,0,4,2,0,4,1,2,0,0,0,0,0,2,0,0,1
806,Stembureau Oosterkerk,Centrum,A09,1018 LS,0,699,1,2,702,48,43,16,121,97,93,127,4,63,4,0,4,7,18,7,0,44,0,0,1,0,1,0,0,0,0,0,0,0,0,1,0,0
807,Stembureau Room Mate Aitana,Centrum,A05,1013 MM,0,198,0,0,198,31,4,6,53,16,15,36,2,10,0,0,2,2,8,0,0,13,0,0,0,0,0,0,0,0,0,0,0,0,0,0,0,0
808,Stembureau Gymzaal,Nieuw-West,F84,1066 ER,0,230,0,0,230,61,21,11,33,12,13,13,9,11,6,0,7,8,2,11,2,7,0,1,0,0,0,1,0,0,0,0,0,0,0,1,0,0
810,Stembureau Calandhal,Nieuw-West,F81,1068 RR,0,322,0,5,327,61,42,13,37,10,38,44,3,18,4,0,14,9,5,7,0,9,6,1,0,0,0,0,0,1,0,0,0,0,0,0,0,0
811,Stembureau Gymzaal,Nieuw-West,F83,1069GE,0,284,0,2,286,42,47,9,39,14,33,32,4,8,3,0,16,13,7,7,0,4,2,0,0,0,1,0,1,1,0,0,1,0,0,0,0,0
812,Stembureau Regenbooggemeente,Nieuw-West,F89,1065 GJ,0,312,0,0,312,45,31,19,31,18,24,55,12,17,7,0,20,7,6,9,0,6,2,1,0,1,0,0,0,0,0,1,0,0,0,0,0,0
813,Stembureau Sportzaal Jan de Louter,Nieuw-West,F77,1063ME,0,338,1,2,341,42,46,17,34,15,33,32,6,18,11,4,43,5,9,9,1,3,9,0,0,0,0,0,0,0,0,0,0,0,1,0,0,0
814,Stembureau Culturele Stichting Konya,Nieuw-West,F78,1067 CE,0,276,0,0,276,31,41,7,16,14,23,22,1,16,5,1,78,7,4,3,0,1,4,0,0,0,1,1,0,0,0,0,0,0,0,0,0,0
815,Stembureau CVZ Slotervaart,Nieuw-West,F89,1066 EC,0,327,0,0,327,57,40,19,48,19,18,52,3,19,1,0,8,1,8,14,0,17,2,0,0,0,0,0,0,0,0,0,0,0,1,0,0,0
816,Stembureau Stadsdeelkantoor Amsterdam-Noord,Noord,N69,1025XL,0,499,1,2,502,77,53,21,59,28,44,84,7,30,7,0,28,5,11,13,0,18,3,3,0,1,0,1,1,1,0,0,1,1,1,0,1,0
817,Stembureau Wijkgebouw Schellingwoude,Noord,N73,1023NV,0,133,0,1,134,26,6,6,33,8,9,17,1,14,0,0,3,3,2,0,0,2,0,0,0,0,0,2,1,0,0,0,0,0,0,0,0,0
818,Stembureau Protestantse Gemeente Nieuwendam,Noord,N62,1023BH,0,291,0,1,292,45,47,18,32,14,38,36,11,20,3,0,3,0,7,4,0,10,0,2,0,0,0,0,0,0,0,0,0,1,0,0,0,0
819,Stembureau Huis van de Wijk,Noord,N70,1034CR,0,428,1,3,432,64,55,18,34,28,49,52,8,19,8,1,34,16,17,14,1,3,1,0,0,1,1,1,0,0,0,2,0,1,0,0,0,0
820,Stembureau Gymzaal de IJsbreker,Noord,N71,1031HT,0,190,0,0,190,16,15,8,35,22,12,23,2,16,0,0,12,3,13,4,1,7,1,0,0,0,0,0,0,0,0,0,0,0,0,0,0,0
821,Stembureau Het Zonnehuis,Noord,N65,1033EJ,0,468,0,2,470,65,102,13,27,28,67,58,6,31,3,0,10,7,20,12,2,8,1,2,0,0,1,1,0,2,0,0,0,1,0,1,0,0
822,Stembureau Verenigingsgebouw Batavia,Oost,M32,1095 KS,0,268,0,1,269,27,10,3,33,40,20,39,1,23,2,0,30,4,14,0,4,17,1,0,0,0,0,0,0,0,0,0,0,0,0,0,0,0
823,Stembureau Grand Café Genieten,Oost,M29,1093 NG,0,683,0,3,686,45,32,21,112,88,59,135,7,66,1,0,30,9,22,10,0,42,3,0,0,0,0,0,1,0,0,0,0,0,0,0,0,0
824,Stembureau Sportzaal J.F. van Hengelstraat,Oost,M33,1019 DC,0,454,0,0,454,47,19,6,124,51,23,86,5,47,0,0,3,3,8,1,0,27,0,2,0,0,0,0,0,0,0,0,0,0,0,0,2,0
825,Stembureau Gymzaal Metis Montessori Lyceum,Oost,M28,1091 HV,0,373,1,0,374,34,15,5,65,53,37,48,8,38,0,1,10,5,21,2,2,23,3,1,1,0,0,0,0,0,0,1,0,0,0,0,0,0
826,Stembureau Koningskerk,Oost,M55,1097 EP,0,384,2,1,387,58,28,17,64,36,32,62,10,23,2,1,6,9,13,5,1,16,0,1,0,0,0,0,0,0,0,0,0,0,0,0,0,0
827,Stembureau Sportzaal CVT,Oost,M35,1087 EJ,0,308,0,1,309,34,24,16,55,23,19,46,4,23,1,1,11,2,16,10,1,13,1,1,0,0,2,1,0,0,0,0,0,0,4,0,0,0
828,Stembureau Sportgebouw Zeeburgereiland,Oost,M34,1095 MK,0,115,0,0,115,12,5,3,31,13,10,11,3,6,0,0,0,2,6,1,0,11,0,0,0,1,0,0,0,0,0,0,0,0,0,0,0,0
829,Stembureau A.K.C. Blauw-Wit,West,E37,1056 EP,0,113,0,1,114,14,10,6,22,12,10,12,0,5,1,0,4,2,1,1,1,8,2,0,0,0,0,0,0,0,0,0,0,2,0,0,0,0
830,Stembureau A.K.C. Blauw-Wit,West,E37,1056 EP,0,157,0,0,157,21,16,1,23,12,19,13,1,16,2,0,3,0,10,4,1,12,0,1,0,0,0,2,0,0,0,0,0,0,0,0,0,0
831,Stembureau Van Hogendorphal,West,E15,1051 CE,0,164,0,0,164,9,6,2,29,23,15,29,3,22,0,0,1,3,10,2,0,6,0,2,0,0,2,0,0,0,0,0,0,0,0,0,0,0
832,Stembureau Van Hogendorphal,West,E15,1051 CE,0,220,0,0,220,13,10,3,34,28,32,33,4,27,2,0,5,6,4,6,0,10,0,1,0,0,1,0,1,0,0,0,0,0,0,0,0,0
833,Stembureau Bellamy Museum,West,E18,1053 BR,0,464,0,1,465,44,18,9,85,45,55,57,9,57,5,0,10,4,21,4,0,29,7,3,0,0,1,0,1,0,0,0,0,0,0,0,0,0
834,Stembureau Gymzaal Corantijn,West,E43,1058 DA,0,310,3,0,313,35,24,7,62,23,29,46,3,19,0,1,17,3,9,6,0,21,0,2,0,0,1,0,0,1,0,0,0,0,0,0,0,1
835,Stembureau Stadsloket West,West,E37,1055 EK,0,385,2,1,388,40,25,3,47,37,33,42,5,25,3,1,63,10,21,1,0,14,12,1,0,0,0,0,0,1,0,0,0,0,0,0,1,0
836,Stembureau NU.VU,Zuid,K23,1081 HV,0,158,0,0,158,26,7,10,45,8,7,26,6,5,1,2,1,1,6,1,0,4,2,0,0,0,0,0,0,0,0,0,0,0,0,0,0,0
837,Stembureau Tent Vondelpark,Zuid,K46,1075 CX,0,656,1,2,659,110,20,26,164,67,40,77,1,65,2,0,5,4,10,9,0,54,0,0,0,0,1,0,1,0,0,0,0,0,0,0,0,0
838,Stembureau Oud-Katholieke parochies Amsterdam,Zuid,K47,1071 XA,0,438,0,0,438,60,12,20,100,52,31,90,4,35,3,0,1,3,5,8,0,12,1,1,0,0,0,0,0,0,0,0,0,0,0,0,0,0
839,Stembureau Park Centraal,Zuid,K47,1071 ZD,0,119,0,0,119,19,2,6,26,12,3,19,1,7,0,1,3,2,6,0,0,10,0,1,0,0,1,0,0,0,0,0,0,0,0,0,0,0
840,Stembureau Stadsloket Zuid,Zuid,K52,1079 MZ,0,272,0,0,272,45,24,17,51,25,16,51,3,12,2,2,0,4,3,2,0,14,0,0,0,0,0,0,0,0,0,0,0,1,0,0,0,0
841,Stembureau Studio Sarphaat,Zuid,K25,1073 ED,0,485,1,0,486,47,23,15,106,52,44,54,4,54,4,0,5,11,21,3,2,34,0,1,0,0,3,0,0,0,0,0,0,0,0,0,1,1
842,Stembureau gymzaal De Rivierenschool,Zuid,K52,1079 EM,0,503,1,0,504,63,37,18,81,38,58,85,6,42,3,0,11,9,11,6,0,30,0,4,1,0,0,0,0,0,0,0,0,0,0,0,0,0
843,Stembureau Marius ten Catehof,Zuid,K90,1081 ES,0,296,0,1,297,84,29,15,39,16,14,25,9,17,5,0,0,13,4,5,0,16,0,0,1,1,0,0,0,1,0,0,0,1,0,0,0,1
844,Stembureau Amsteltrouw,Zuid,K91,1083 HZ,0,354,0,0,354,83,42,16,44,20,24,56,11,19,2,2,0,9,2,15,0,6,0,0,1,0,0,0,1,0,0,0,0,0,0,0,0,1
845,Stembureau Hilton Amsterdam,Zuid,K49,1077BG,0,862,2,0,864,203,31,51,232,51,33,108,7,52,3,3,3,10,8,8,0,54,0,0,0,0,1,0,0,2,0,0,0,0,0,0,0,2
852,Stembureau Fietsstemstraat RAI,Zuid,K23,,0,403,0,3,406,65,20,16,84,46,29,33,5,31,4,0,5,8,13,2,0,36,0,1,1,0,2,0,0,0,1,0,0,1,0,0,0,0
853,Stembureau Autostemstraat RAI,Zuid,K23,,0,88,0,0,88,19,7,4,15,5,5,12,0,5,0,0,2,5,3,0,0,6,0,0,0,0,0,0,0,0,0,0,0,0,0,0,0,0
854,Stembureau Autostemstraat RAI,Zuid,K23,,0,101,0,0,101,32,5,0,17,9,11,9,1,3,1,0,2,0,3,2,0,5,0,0,0,0,0,0,0,0,0,0,0,0,1,0,0,0
855,Stembureau Autostemstraat RAI,Zuid,K23,,0,107,0,0,107,31,2,1,16,9,4,14,0,11,0,1,2,1,4,1,0,6,0,0,0,0,4,0,0,0,0,0,0,0,0,0,0,0
856,Stembureau Autostemstraat RAI,Zuid,K23,,0,92,0,0,92,20,10,4,15,1,6,9,0,7,1,0,1,3,0,3,0,12,0,0,0,0,0,0,0,0,0,0,0,0,0,0,0,0
901,Stembureau Stadhuis,Centrum,A04,1011 PN,0,572,1,2,575,58,32,9,109,75,49,79,2,49,0,1,10,7,37,8,1,37,3,1,2,0,0,0,0,2,0,0,0,0,0,0,0,1
902,Stembureau Het Claverhuis,Centrum,A06,1016 TX,0,652,2,5,659,103,24,18,151,57,49,70,10,59,2,2,1,13,24,8,1,49,0,7,0,1,2,0,0,1,0,0,0,0,0,0,0,0
903,Stembureau Kerk De Duif,Centrum,A07,1017 LD,0,616,0,0,616,132,13,20,161,46,31,66,5,56,2,0,1,4,9,6,1,61,0,0,1,0,1,0,0,0,0,0,0,0,0,0,0,0
904,Stembureau De Beurs van Berlage,Centrum,A00,1012 SJ,0,354,2,0,356,43,15,8,77,30,17,46,9,26,2,0,4,10,22,5,1,34,1,1,1,1,0,0,0,0,0,0,0,0,0,0,0,1
905,Stembureau De Roode Bioscoop,Centrum,A05,1013 HP,0,869,1,1,871,68,57,11,194,121,68,92,6,99,3,0,14,13,53,7,1,55,0,4,0,0,1,1,0,0,0,0,0,1,0,0,0,0
906,Stembureau Oosterkerk,Centrum,A09,1018 LS,0,596,0,2,598,42,40,9,108,68,61,87,7,65,4,1,6,19,26,3,2,38,3,2,0,0,2,0,0,0,0,0,1,1,0,0,0,1
907,Stembureau Room Mate Aitana,Centrum,A05,1013 MM,0,179,0,0,179,18,12,7,48,23,2,16,6,18,0,0,2,1,7,7,2,9,0,0,0,0,1,0,0,0,0,0,0,0,0,0,0,0
908,Stembureau Gymzaal,Nieuw-West,F84,1066 ER,0,225,1,0,226,36,24,14,48,9,7,22,1,18,4,0,7,2,9,12,0,6,4,1,0,0,0,0,0,0,0,0,1,0,0,0,0,0
910,Stembureau Calandhal,Nieuw-West,F81,1068 RR,0,402,0,6,408,46,47,16,40,20,34,30,8,18,5,0,85,9,11,15,2,3,7,1,0,0,0,1,0,0,2,0,0,0,1,1,0,0
911,Stembureau Gymzaal,Nieuw-West,F83,1069GE,0,370,0,3,373,37,49,13,31,14,27,34,9,10,5,1,86,17,6,6,3,7,11,0,0,0,1,0,0,0,0,2,1,0,0,0,0,0
912,Stembureau Regenbooggemeente,Nieuw-West,F89,1065 GJ,0,320,2,1,323,37,34,12,30,23,25,41,7,17,2,1,32,6,8,5,1,21,5,1,1,1,0,1,1,2,0,0,1,1,2,0,1,1
913,Stembureau Sportzaal Jan de Louter,Nieuw-West,F77,1063ME,0,433,1,5,439,36,28,9,33,18,23,30,11,20,4,3,127,10,34,12,0,11,20,1,1,0,0,0,0,0,1,0,0,0,1,0,0,0
914,Stembureau Culturele Stichting Konya,Nieuw-West,F78,1067 CE,0,403,1,1,405,33,36,5,31,21,22,25,6,10,3,3,155,8,12,7,0,2,23,0,0,0,0,0,0,0,0,0,0,0,0,0,1,0
915,Stembureau CVZ Slotervaart,Nieuw-West,F89,1066 EC,0,385,1,1,387,84,37,23,47,19,23,36,3,17,3,0,36,6,12,13,0,10,7,0,0,1,4,0,1,2,0,0,0,0,0,1,0,0
916,Stembureau Stadsdeelkantoor Amsterdam-Noord,Noord,N69,1025XL,0,544,2,3,549,52,58,22,64,37,55,62,12,26,7,3,49,17,31,12,1,14,9,0,0,3,2,0,0,1,1,1,3,1,0,1,0,0
917,Stembureau Wijkgebouw Schellingwoude,Noord,N73,1023NV,0,132,0,0,132,19,13,4,33,9,9,3,4,19,1,1,2,1,1,1,0,12,0,0,0,0,0,0,0,0,0,0,0,0,0,0,0,0
918,Stembureau Protestantse Gemeente Nieuwendam,Noord,N62,1023BH,0,299,0,0,299,35,45,23,37,14,22,39,4,18,5,1,12,5,8,14,3,10,2,0,0,0,0,0,0,0,0,0,1,0,0,1,0,0
919,Stembureau Huis van de Wijk,Noord,N70,1034CR,0,516,0,6,522,61,61,32,44,15,46,40,13,24,7,0,95,11,29,9,3,9,10,3,0,0,1,2,0,0,1,0,0,0,0,0,0,0
920,Stembureau Gymzaal de IJsbreker,Noord,N71,1031HT,0,230,2,1,233,22,27,6,42,20,14,16,3,25,1,0,16,8,9,2,0,14,3,1,1,0,0,0,0,0,0,0,0,0,0,0,0,0
921,Stembureau Het Zonnehuis,Noord,N65,1033EJ,0,620,0,4,624,64,133,27,66,39,62,56,7,47,10,2,23,21,16,15,4,17,1,0,0,1,0,1,1,2,0,1,4,0,0,0,0,0
922,Stembureau Verenigingsgebouw Batavia,Oost,M32,1095 KS,0,342,1,4,347,23,18,4,41,39,18,27,2,27,1,0,66,10,35,2,1,14,10,1,0,0,0,0,1,0,0,0,0,0,2,0,0,0
923,Stembureau Grand Café Genieten,Oost,M29,1093 NG,0,668,2,2,672,52,43,12,142,91,38,85,7,50,3,0,45,13,28,5,1,38,8,1,0,2,3,0,0,0,0,0,1,0,0,0,0,0
924,Stembureau Sportzaal J.F. van Hengelstraat,Oost,M33,1019 DC,0,390,0,0,390,35,10,10,110,45,26,57,3,29,8,0,2,4,10,3,1,33,0,3,0,0,0,0,0,0,0,0,0,1,0,0,0,0
925,Stembureau Gymzaal Metis Montessori Lyceum,Oost,M28,1091 HV,0,414,0,2,416,23,13,4,73,50,34,33,2,46,1,0,29,13,33,4,2,41,5,4,1,0,0,0,0,1,0,0,0,1,0,0,0,1
926,Stembureau Koningskerk,Oost,M55,1097 EP,0,394,0,2,396,48,27,18,76,36,27,55,6,35,4,2,5,7,12,4,0,27,2,0,0,0,0,1,0,0,0,0,0,1,0,1,0,0
927,Stembureau Sportzaal CVT,Oost,M35,1087 EJ,0,393,0,5,398,43,18,10,76,42,17,28,9,33,1,0,36,7,27,6,0,23,5,3,0,0,0,0,0,0,0,5,0,1,3,0,0,0
928,Stembureau Sportgebouw Zeeburgereiland,Oost,M34,1095 MK,0,158,0,0,158,22,4,3,30,10,11,13,0,17,0,0,3,3,20,1,1,19,0,1,0,0,0,0,0,0,0,0,0,0,0,0,0,0
929,Stembureau A.K.C. Blauw-Wit,West,E37,1056 EP,0,161,0,0,161,24,9,1,31,27,6,8,1,10,0,0,18,1,9,5,1,9,0,0,0,0,1,0,0,0,0,0,0,0,0,0,0,0
930,Stembureau A.K.C. Blauw-Wit,West,E37,1056 EP,0,192,0,1,193,26,11,5,33,19,12,19,2,20,1,0,11,3,11,2,1,12,2,0,0,0,0,0,1,0,0,0,0,1,0,0,0,0
931,Stembureau Van Hogendorphal,West,E15,1051 CE,0,208,0,1,209,20,19,4,45,22,20,18,1,30,0,0,4,3,8,3,0,8,0,1,0,0,1,0,0,0,0,1,0,0,0,0,0,0
932,Stembureau Van Hogendorphal,West,E15,1051 CE,0,202,0,0,202,12,15,6,40,38,12,10,0,34,0,0,2,5,8,4,0,14,0,2,0,0,0,0,0,0,0,0,0,0,0,0,0,0
933,Stembureau Bellamy Museum,West,E18,1053 BR,0,537,0,2,539,39,29,12,105,68,44,57,5,54,5,0,14,19,29,5,1,38,5,2,1,1,4,0,0,0,0,0,0,0,0,0,0,0
934,Stembureau Gymzaal Corantijn,West,E43,1058 DA,0,393,1,2,396,50,15,13,88,43,27,37,1,26,5,0,23,14,16,5,2,25,0,2,0,0,0,0,0,1,0,0,0,0,0,0,0,0
935,Stembureau Stadsloket West,West,E37,1055 EK,0,590,2,7,599,37,38,6,71,56,35,37,5,23,4,0,173,13,36,6,0,26,17,0,0,1,1,0,0,0,0,3,0,0,2,0,0,0
936,Stembureau NU.VU,Zuid,K23,1081 HV,0,150,0,0,150,36,4,3,36,8,7,14,1,13,2,1,1,3,4,1,0,13,0,0,0,3,0,0,0,0,0,0,0,0,0,0,0,0
937,Stembureau Tent Vondelpark,Zuid,K46,1075 CX,0,791,0,1,792,130,22,29,209,73,40,96,5,74,3,1,8,11,22,5,0,56,0,0,2,0,2,0,1,0,0,0,0,1,0,0,0,1
938,Stembureau Oud-Katholieke parochies Amsterdam,Zuid,K47,1071 XA,0,480,0,1,481,60,13,12,119,51,41,54,4,40,3,0,5,13,12,1,0,46,2,1,0,0,0,0,0,0,0,1,0,1,0,0,0,1
939,Stembureau Park Centraal,Zuid,K47,1071 ZD,0,132,0,0,132,29,5,2,35,12,10,9,1,10,0,1,2,1,4,3,0,8,0,0,0,0,0,0,0,0,0,0,0,0,0,0,0,0
940,Stembureau Stadsloket Zuid,Zuid,K52,1079 MZ,0,300,1,2,303,35,15,15,60,28,26,40,2,26,2,0,13,10,10,10,0,6,2,0,0,0,0,0,0,0,0,0,0,0,0,0,0,0
941,Stembureau Studio Sarphaat,Zuid,K25,1073 ED,0,556,0,3,559,61,18,10,119,59,44,59,4,70,2,0,26,14,22,5,1,33,3,2,1,0,3,0,0,0,0,0,0,0,0,0,0,0
942,Stembureau gymzaal De Rivierenschool,Zuid,K52,1079 EM,0,542,0,2,544,63,22,17,123,53,43,57,6,56,1,1,9,14,18,9,0,41,4,1,0,0,2,1,0,0,0,0,1,0,0,0,0,0
943,Stembureau Marius ten Catehof,Zuid,K90,1081 ES,0,344,1,1,346,72,38,30,71,11,17,32,8,18,3,3,1,2,6,11,0,17,0,0,0,0,1,0,3,0,0,0,0,0,0,0,0,0
944,Stembureau Amsteltrouw,Zuid,K91,1083 HZ,0,253,0,0,253,65,23,15,46,12,15,26,4,19,2,0,0,7,3,8,0,3,1,0,0,0,1,0,1,0,0,0,1,0,0,0,0,1
945,Stembureau Hilton Amsterdam,Zuid,K49,1077BG,0,748,1,1,750,172,30,46,178,48,29,71,5,64,2,2,1,15,7,13,1,55,3,1,0,0,0,1,1,0,0,0,0,1,0,1,0,1
952,Stembureau Fietsstemstraat RAI,Zuid,K23,,0,455,0,0,455,77,28,14,90,40,26,50,6,32,1,0,9,8,19,9,0,35,0,3,0,0,3,1,1,0,1,0,1,0,0,0,1,0
953,Stembureau Autostemstraat RAI,Zuid,K23,,0,149,0,0,149,33,10,6,27,9,7,8,1,6,1,0,10,6,2,6,2,10,0,2,1,0,1,0,0,0,0,0,0,0,0,1,0,0
954,Stembureau Autostemstraat RAI,Zuid,K23,,0,157,0,0,157,27,14,4,36,10,10,8,0,10,0,0,8,10,4,4,0,9,2,1,0,0,0,0,0,0,0,0,0,0,0,0,0,0
955,Stembureau Autostemstraat RAI,Zuid,K23,,0,140,0,0,140,46,10,5,24,5,5,8,2,3,0,0,5,2,5,6,0,11,0,2,0,0,0,0,1,0,0,0,0,0,0,0,0,0
956,Stembureau Autostemstraat RAI,Zuid,K23,,0,146,0,0,146,38,15,3,29,3,8,6,3,8,1,1,11,3,2,5,0,4,3,1,0,0,2,0,0,0,0,0,0,0,0,0,0,0
1201,Stembureau Briefstembureau,Zuid,K23,,0,622,0,3,625,119,91,37,59,24,59,129,9,25,24,1,12,7,1,13,0,8,1,0,0,0,0,0,0,1,0,0,1,0,0,0,0,1
1202,Stembureau Briefstembureau,Zuid,K23,,0,529,2,2,533,77,67,31,50,23,65,105,12,28,24,0,9,4,10,7,1,6,1,1,0,0,2,1,1,1,0,0,0,1,0,0,1,1
1203,Stembureau Briefstembureau,Zuid,K23,,0,833,0,1,834,129,90,55,94,36,106,156,13,66,20,0,10,6,16,9,2,12,0,3,0,0,1,1,2,3,0,1,0,0,2,0,0,0
1204,Stembureau Briefstembureau,Zuid,K23,,0,542,0,2,544,109,66,39,51,22,59,104,4,31,9,0,10,4,8,10,0,14,0,0,0,0,0,1,0,0,0,0,0,1,0,0,0,0
1205,Stembureau Briefstembureau,Zuid,K23,,0,1037,3,2,1042,164,104,68,122,46,97,220,23,67,16,1,18,6,25,18,0,24,4,0,0,0,0,2,1,10,0,0,0,0,0,0,0,1
1206,Stembureau Briefstembureau,Zuid,K23,,0,553,1,2,556,90,56,35,55,29,51,132,9,36,14,2,12,2,6,6,0,9,0,0,1,0,0,0,0,4,0,1,0,0,1,0,0,2
1207,Stembureau Briefstembureau,Zuid,K23,,0,666,1,1,668,109,77,57,76,31,63,128,9,39,25,3,12,3,3,11,0,10,0,1,0,1,0,1,0,5,0,0,1,0,0,1,0,0
1208,Stembureau Briefstembureau,Zuid,K23,,0,340,0,0,340,48,39,29,29,17,35,66,7,28,8,0,2,4,8,3,0,13,1,0,0,0,1,0,1,1,0,0,0,0,0,0,0,0
1209,Stembureau Briefstembureau,Zuid,K23,,0,363,0,0,363,67,49,28,44,11,36,50,5,28,12,0,3,4,5,9,0,6,1,0,0,0,0,0,0,3,1,1,0,0,0,0,0,0
1210,Stembureau Briefstembureau,Zuid,K23,,0,458,1,0,459,92,50,25,50,13,48,96,10,29,10,0,5,4,6,5,0,7,0,0,0,0,2,1,0,1,1,1,2,0,0,0,0,0
1211,Stembureau Briefstembureau,Zuid,K23,,0,235,1,2,238,41,23,11,33,8,21,52,4,13,9,2,3,3,2,3,0,1,1,0,0,0,0,0,0,4,0,0,0,0,0,0,0,1
1212,Stembureau Briefstembureau,Zuid,K23,,0,331,0,1,332,77,30,32,26,21,21,65,3,26,7,0,3,0,2,5,2,6,3,0,0,0,0,0,0,2,0,0,0,0,0,0,0,0
1213,Stembureau Briefstembureau,Zuid,K23,,0,270,0,1,271,51,34,27,37,6,28,50,2,11,5,2,5,1,3,5,0,1,0,0,0,0,0,0,1,0,0,0,1,0,0,0,0,0
1214,Stembureau Briefstembureau,Zuid,K23,,0,147,0,0,147,29,18,9,9,2,13,35,4,5,4,1,5,1,2,4,0,2,0,1,0,0,0,0,0,2,0,0,1,0,0,0,0,0
1215,Stembureau Briefstembureau,Zuid,K23,,0,236,0,0,236,38,24,16,20,15,29,50,4,10,4,0,7,3,4,3,0,4,1,0,0,1,0,0,1,2,0,0,0,0,0,0,0,0
1216,Stembureau Briefstembureau,Zuid,K23,,0,123,0,0,123,22,12,8,15,8,12,20,3,3,6,0,5,0,2,2,1,2,0,1,0,0,0,0,0,1,0,0,0,0,0,0,0,0
1217,Stembureau Briefstembureau,Zuid,K23,,0,108,0,0,108,16,13,8,17,4,7,25,0,8,3,0,2,0,1,1,0,2,0,0,0,0,0,0,0,1,0,0,0,0,0,0,0,0
1218,Stembureau Briefstembureau,Zuid,K23,,0,245,2,2,249,44,8,13,37,18,18,27,5,15,2,1,33,5,11,1,0,2,5,0,0,0,0,0,0,0,0,0,0,0,0,0,0,0
1219,Stembureau Briefstembureau,Zuid,K23,,0,644,3,5,652,76,57,19,73,43,26,62,21,51,13,1,96,11,47,5,1,4,24,0,0,0,0,1,0,2,1,4,1,2,2,0,1,0
1221,Stembureau Briefstembureau,Zuid,K23,,0,896,1,1,898,153,102,52,104,29,87,157,13,69,30,1,15,14,17,13,4,19,2,2,1,0,2,1,1,4,0,1,1,1,0,1,0,0
1222,Stembureau Briefstembureau,Zuid,K23,,0,845,0,1,846,147,103,56,86,38,71,155,14,58,27,1,29,6,9,17,1,21,0,0,0,0,0,2,0,1,0,0,0,2,0,0,0,1
1223,Stembureau Briefstembureau,Zuid,K23,,0,1306,0,4,1310,236,170,91,133,63,130,223,24,83,37,2,23,12,18,21,0,25,4,1,1,0,0,0,0,4,0,1,0,3,0,1,0,0
1224,Stembureau Briefstembureau,Zuid,K23,,0,992,2,5,999,183,132,67,113,47,94,179,23,30,24,1,25,11,17,13,2,16,4,0,0,0,1,0,2,5,0,0,0,1,0,0,0,2
1225,Stembureau Briefstembureau,Zuid,K23,,0,1029,0,0,1029,164,144,70,118,43,108,160,22,60,23,1,26,8,22,15,2,21,1,1,0,0,3,1,2,9,0,1,1,0,0,1,0,2
1226,Stembureau Briefstembureau,Zuid,K23,,0,765,0,3,768,113,81,58,92,39,88,133,9,52,16,1,18,7,21,2,3,21,1,1,0,1,0,2,1,3,0,0,0,1,0,0,0,1
1227,Stembureau Briefstembureau,Zuid,K23,,0,1047,2,4,1053,183,98,68,109,45,113,198,18,62,27,0,24,11,27,25,1,21,4,1,0,0,3,0,1,0,0,1,1,3,0,0,0,3
1228,Stembureau Briefstembureau,Zuid,K23,,0,1442,0,3,1445,245,190,100,131,68,144,234,33,92,45,1,37,12,34,25,2,22,5,3,0,0,3,5,1,5,0,0,1,2,1,0,0,1
1229,Stembureau Briefstembureau,Zuid,K23,,0,1356,0,2,1358,219,175,80,149,67,134,251,28,83,41,1,34,16,31,10,3,16,7,0,0,0,1,0,0,4,0,2,0,0,0,1,0,3
1230,Stembureau Briefstembureau,Zuid,K23,,0,779,0,2,781,151,105,48,82,26,70,141,15,44,26,0,18,3,12,7,1,16,4,1,0,0,0,0,2,6,0,1,0,0,0,0,0,0
1231,Stembureau Briefstembureau,Zuid,K23,,0,1067,0,3,1070,208,133,88,101,52,105,152,25,63,30,1,28,8,29,13,3,10,6,1,0,0,0,1,0,3,0,0,1,1,0,1,0,4
1232,Stembureau Briefstembureau,Zuid,K23,,0,886,1,3,890,158,88,60,120,42,88,158,16,43,27,0,17,9,23,7,2,11,5,1,0,0,2,1,0,3,0,1,1,3,0,0,0,0
1233,Stembureau Briefstembureau,Zuid,K23,,0,482,0,2,484,75,53,33,69,22,44,89,10,29,9,1,13,2,10,4,2,10,1,1,0,0,0,1,1,0,0,1,0,0,0,0,0,2
1234,Stembureau Briefstembureau,Zuid,K23,,0,572,2,2,576,86,58,37,51,37,61,106,13,48,11,0,16,3,19,6,0,13,4,0,0,0,0,0,0,3,0,0,0,0,0,0,0,0
1235,Stembureau Briefstembureau,Zuid,K23,,0,561,1,2,564,85,64,36,62,34,56,90,14,32,13,1,24,4,19,10,3,9,2,0,0,0,1,0,0,1,0,1,0,0,0,0,0,0
1236,Stembureau Briefstembureau,Zuid,K23,,0,515,0,4,519,93,58,23,50,22,39,81,14,27,5,1,35,5,22,13,1,11,12,0,0,0,1,0,0,0,0,1,0,1,0,0,0,0
1237,Stembureau Briefstembureau,Zuid,K23,,0,491,0,2,493,72,48,28,49,23,41,84,11,39,11,0,36,1,26,5,0,8,3,1,0,0,2,0,0,2,0,0,0,1,0,0,0,0
1238,Stembureau Briefstembureau,Zuid,K23,,0,338,0,1,339,61,28,16,30,12,41,55,6,26,5,1,27,3,9,5,1,6,4,0,0,0,0,0,0,0,1,0,0,0,0,0,1,0
1239,Stembureau Briefstembureau,Zuid,K23,,0,397,0,2,399,60,27,26,31,27,43,69,5,25,13,0,32,4,12,7,1,5,6,0,0,0,0,1,0,0,1,1,1,0,0,0,0,0
809,Stadsloket Nieuw-West,Nieuw-West,F81,1068 TG,0,446,1,3,450,60,68,30,45,17,42,47,9,20,5,0,49,9,9,13,1,8,9,2,0,0,0,2,0,0,0,0,1,0,0,0,0,0
846,Stadsloket Zuidoost,Zuidoost,T93,1102 CW,0,328,1,2,331,37,23,8,28,30,31,36,9,10,3,1,18,1,70,4,1,6,1,1,0,0,0,1,0,2,0,3,0,3,0,0,0,1
847,Gymzaal Kantershof,Zuidoost,T94,1104 HJ,0,222,0,0,222,28,3,12,29,21,23,32,9,29,2,0,1,5,16,2,1,8,0,1,0,0,0,0,0,0,0,0,0,0,0,0,0,0
848,Gymzaal EGoli,Zuidoost,T94,1103 AC,0,67,0,0,67,6,2,2,6,5,4,9,1,3,1,1,3,0,17,0,0,4,2,0,0,0,0,0,0,0,0,0,0,0,0,0,0,1
849,Gymzaal Mijehof,Zuidoost,T96,1106 HW,0,278,1,2,281,29,24,17,39,20,32,60,9,12,6,0,2,4,9,6,0,7,0,1,0,0,0,0,1,0,0,0,0,0,0,0,0,0
850,Gymzaal Vreeswijkpad,Zuidoost,T97,1106 DV,0,280,0,1,281,43,23,7,34,18,29,61,6,20,1,1,3,9,16,2,0,3,0,1,0,0,2,0,0,0,0,1,0,0,0,0,0,0
909,Stadsloket Nieuw-West,Nieuw-West,F81,1068 TG,0,554,2,5,561,77,55,15,60,26,27,40,8,18,5,1,117,16,35,8,1,12,25,1,0,1,1,0,0,0,0,1,0,0,3,0,1,0
946,Stadsloket Zuidoost,Zuidoost,T93,1102 CW,0,573,0,4,577,67,49,13,71,29,46,53,25,14,7,0,41,9,127,3,0,6,1,2,1,0,0,0,0,0,0,4,0,1,1,0,0,3
947,Gymzaal Kantershof,Zuidoost,T94,1104 HJ,0,283,4,9,296,29,20,7,27,15,19,24,17,14,1,3,23,3,58,6,0,6,2,0,0,0,1,1,2,0,1,0,0,4,0,0,0,0
948,Gymzaal EGoli,Zuidoost,T94,1103 AC,0,119,0,0,119,12,9,1,19,21,2,8,3,7,0,1,10,2,20,0,0,2,0,0,0,0,0,0,0,0,0,0,0,2,0,0,0,0
949,Gymzaal Mijehof,Zuidoost,T96,1106 HW,0,320,0,2,322,35,35,10,38,15,41,34,13,19,6,0,12,13,24,7,0,7,4,2,0,0,0,0,3,0,0,0,0,2,0,0,0,0
950,Gymzaal Vreeswijkpad,Zuidoost,T97,1106 DV,0,317,0,4,321,30,37,13,37,24,24,40,8,15,8,0,7,5,51,5,2,5,0,1,0,2,0,0,0,0,0,0,0,3,0,0,0,0
